id,label
id_nzul5mwfv6vm.wav,nane
id_20aa99xgs0ed.wav,moja
id_vhifg7bybgzp.wav,ndio
id_xgskggjqxeiv.wav,nane
id_0efhgx6golxe.wav,ndio
id_byhwq1ziwftc.wav,ndio
id_clwxz0b9t8z7.wav,kumi
id_vixyzzbfnfnq.wav,kumi
id_bj6a3ttl4p95.wav,mbili
id_iarpqeld38os.wav,mbili
id_idavrfs27r6h.wav,tano
id_ta1ytc871bx1.wav,tano
id_ewy8yecuel5m.wav,hapana
id_fxyt250m8rc2.wav,kumi
id_lpsmeyuj2555.wav,nane
id_71i5cqkkhqlj.wav,tatu
id_6owrqt6wtx5m.wav,sita
id_3u4bhmvilf8t.wav,tisa
id_ilcnsba13as4.wav,moja
id_wug5kndcavtv.wav,hapana
id_2dx95jkzoejz.wav,kumi
id_90pph43r621b.wav,tisa
id_kpqbnogotvbl.wav,mbili
id_eo2vt8ilokz2.wav,tisa
id_itkdpo9yhp1t.wav,tisa
id_8mshkuff9u9a.wav,nane
id_yp4i2tgqlboh.wav,tano
id_eq0bnl5o3cu4.wav,moja
id_4u0208z7w6m1.wav,mbili
id_5ncegxts20gf.wav,tisa
id_cl4v1o8k7b49.wav,mbili
id_yi26mji51g4e.wav,ndio
id_mk2zy613b0vo.wav,nne
id_7ag1n0tp90xa.wav,hapana
id_jr15effb0pir.wav,tisa
id_dorl5v6bse1l.wav,nane
id_6tgm86i06e96.wav,tatu
id_qz4hcu0umoyh.wav,moja
id_4newl040uzdm.wav,tisa
id_6gmf4f3o7aig.wav,sita
id_obvyrc9fhll9.wav,nane
id_jz3ucdvwramh.wav,tisa
id_lrm9r4zt8dx5.wav,nane
id_mdn6aobr92pf.wav,sita
id_7o8r82oylpat.wav,mbili
id_rd7yrzw43vsc.wav,nne
id_d83yx79ccoy4.wav,nne
id_y4hhckwhzn5t.wav,sita
id_ldzwm2lmjvse.wav,saba
id_5yvcgc9i5oso.wav,mbili
id_gqy5dodpb0st.wav,nne
id_vvzxb1yx5gag.wav,tisa
id_87oaz9a8qkj2.wav,nne
id_o0qmix19zxkc.wav,saba
id_bwwe7ohdws5y.wav,tatu
id_ioegla3yee4k.wav,nne
id_yy6y0jt40mff.wav,tano
id_8adolbe9tsya.wav,ndio
id_830ppu4qe9pb.wav,tatu
id_p8w11anz1gir.wav,tisa
id_yzhsrfdkl3kl.wav,saba
id_nnz4qlw3ezas.wav,kumi
id_t54rk0m5mwoa.wav,moja
id_urbm5sfu6jm6.wav,moja
id_037hi7s3a8la.wav,ndio
id_xr6h9mdb7ah8.wav,sita
id_brz6g95glswj.wav,moja
id_cpue1ijxno8g.wav,ndio
id_6qznxlsgi7rh.wav,tatu
id_obekfv4lwcoy.wav,nane
id_yk3xctzpsbkt.wav,ndio
id_waxbvtaoj8og.wav,mbili
id_44lznee8c9ez.wav,tatu
id_m5kd2w03t2lg.wav,ndio
id_yhkxoqnz30la.wav,hapana
id_xsyirfuip7hn.wav,mbili
id_k6x7ae632gsi.wav,kumi
id_c23nzio7o6sz.wav,ndio
id_sziahp5dpvtl.wav,sita
id_12693x5drnl0.wav,hapana
id_jeqrmutlsp2d.wav,sita
id_8m9ssztkpcbg.wav,nane
id_48s5x8b6ihzo.wav,tatu
id_cy4a9ip6pbrj.wav,sita
id_3lwko257r14u.wav,moja
id_6m0z2hx369mx.wav,kumi
id_es5wqle6eb37.wav,moja
id_hlk2jd7p534s.wav,nne
id_iq28eqmnp014.wav,ndio
id_pmg89uvhzz7q.wav,moja
id_4n81rytif4wy.wav,tisa
id_dr6nwp236t8d.wav,tatu
id_zhi427kmyfjl.wav,hapana
id_f1qgh3chi7it.wav,tisa
id_byeu884y7kwo.wav,tisa
id_ecd39gerr49y.wav,kumi
id_m9i0ym7mrf44.wav,saba
id_hzo72obgp7rb.wav,kumi
id_fqoirx2zklbb.wav,tano
id_w6a4a299a12e.wav,nne
id_pll4vw1cdpa3.wav,sita
id_0jakfzax43oe.wav,saba
id_xzx56mpd91y7.wav,sita
id_te7oyrse2zin.wav,ndio
id_ghykygteyi33.wav,hapana
id_rh60wbu37m4e.wav,nne
id_33zb7jvlr24c.wav,hapana
id_v8szklm1m4ih.wav,tano
id_a565oea8zt35.wav,kumi
id_2wm6sq5lzkfv.wav,tatu
id_gz425viwawqa.wav,mbili
id_385q2v9dcn68.wav,tisa
id_se33nx8ckzg8.wav,sita
id_33uwj9eb5wcn.wav,moja
id_xn860zqh17xw.wav,tano
id_gbqpxxdrcg3y.wav,saba
id_090vpkdgsp0f.wav,ndio
id_eh1ilyra2x00.wav,nane
id_lpstklz51zpz.wav,nane
id_i1dlon0nyll9.wav,tatu
id_7hzjjl1l3vjy.wav,nane
id_90kxaeeie1mb.wav,hapana
id_q4wpcd1ulq9p.wav,tatu
id_710tsclefl7o.wav,hapana
id_1uh1rjrqhoxs.wav,ndio
id_xvz93ipnekwa.wav,nane
id_1izzii125db0.wav,hapana
id_fyn1gia7pu9g.wav,nne
id_pn3841u3rbpo.wav,hapana
id_dbfyn4wlu3qv.wav,nne
id_d45stns0l9oj.wav,sita
id_rud6460r35x5.wav,nne
id_dpvx946ai9sq.wav,nne
id_hrm17h8jh93t.wav,hapana
id_r4l5g4992pcl.wav,ndio
id_0as8zaj3f7e0.wav,mbili
id_sov7xl5lboq1.wav,hapana
id_it5behtmsfu8.wav,tatu
id_wrm3b40ymbne.wav,ndio
id_n3dz8s6yhizc.wav,tano
id_qbqgmrgv66h7.wav,tisa
id_zqvhrxeqf9rn.wav,tisa
id_4jnpmmh4imwl.wav,sita
id_58488x5vhql6.wav,kumi
id_0yn2o7jrnw1r.wav,nne
id_fqdz384k2sd3.wav,tano
id_sd3xkhisixog.wav,tano
id_dtfpsmh1mwqz.wav,sita
id_pyljq4h1dk06.wav,moja
id_7oen5v0ao3ny.wav,sita
id_glmx3wv0suxm.wav,ndio
id_53r0qxsng1dt.wav,saba
id_5z31exr9urcf.wav,nane
id_ud00lfsbo78q.wav,tano
id_p1hsg76myrgj.wav,hapana
id_tronykwa6e8o.wav,ndio
id_hjxmk8dldnik.wav,tano
id_0rpsvdfvbc18.wav,tatu
id_w01qk78vteti.wav,saba
id_f1zp5wzc8m9r.wav,tano
id_syqjwrryqe4g.wav,saba
id_nd7ol0aghiog.wav,tisa
id_fl5q50ap00zu.wav,sita
id_pxqvkfr01tzv.wav,tano
id_keo1hrr8cv7l.wav,ndio
id_1y15yyn3ymhp.wav,moja
id_b77niqs9exzl.wav,tano
id_wx9gvqmlk7pd.wav,tatu
id_c180vq2vofuy.wav,tisa
id_7h6ajat6m4yo.wav,sita
id_91697eqiiex5.wav,moja
id_vvpk26kq3l1z.wav,tano
id_3ge0o9n759gr.wav,tisa
id_czg40sjj6nfi.wav,nane
id_8oif8t8z45yy.wav,mbili
id_b6trhsu70slg.wav,saba
id_4e8pojot18z8.wav,sita
id_e8090oppcstp.wav,nne
id_n5fe33qqvkvb.wav,saba
id_f5gf37vkwdjr.wav,hapana
id_jniqqjpwdei5.wav,saba
id_l9a53er9lgfc.wav,nane
id_iw02z9hwz6k4.wav,nne
id_0zn3oack6hyy.wav,tisa
id_3nb0rzd5q4v1.wav,nne
id_2m296j37x3t4.wav,hapana
id_cisussicd4d4.wav,saba
id_xv0v9zzodpfn.wav,sita
id_0r56x9samgcy.wav,tisa
id_m1om6m3lei2t.wav,sita
id_rop08ud9jqo9.wav,tano
id_1agr9423s1zz.wav,tatu
id_ci8wbxcjl7uk.wav,saba
id_szpia3ltsrjk.wav,nane
id_95op2xns4x7h.wav,saba
id_pmh3psmwcjap.wav,tatu
id_rzeuxvglk56n.wav,kumi
id_ywaknrt9lzm3.wav,nane
id_lceaoj1aylbg.wav,tano
id_sgdthy18r5j9.wav,saba
id_9veklpx04a0w.wav,saba
id_c8xurp64t3ta.wav,sita
id_da8mlgoov70o.wav,sita
id_yqnrxkvuoirc.wav,tisa
id_0g8u1xbirlkn.wav,moja
id_9myeo60xms76.wav,kumi
id_y0xonbl35of9.wav,tatu
id_loj3cao4ouob.wav,mbili
id_vouunsoc1ysl.wav,hapana
id_dcomrvno0sa8.wav,saba
id_rkwu6ocdbsfw.wav,tisa
id_ks828kefydox.wav,sita
id_vk8z1hxjrqpl.wav,mbili
id_v15kmy54n2d2.wav,tatu
id_rf0pt8feghep.wav,nane
id_dls4ym4mjgu7.wav,tatu
id_9gpcweccf0ow.wav,hapana
id_y1okvof6z6mj.wav,mbili
id_b12sv0nhjhi8.wav,tatu
id_47bea09uwn6e.wav,saba
id_dfosg9ga8wa0.wav,kumi
id_ayqxbhu3i9n9.wav,sita
id_720ll1ijy7er.wav,ndio
id_fuyspzpeoekk.wav,tisa
id_wozp7sg0662c.wav,nne
id_3o4tslbwf02d.wav,hapana
id_xf9oj7ebxx3g.wav,nne
id_2cisrs45gr57.wav,hapana
id_4l2tt96kaaht.wav,sita
id_8me3g3wgerd3.wav,tisa
id_se8q270y4mgg.wav,tano
id_5pjdzorh1k40.wav,kumi
id_7byz1le3s8tn.wav,saba
id_a4bjnljx52gs.wav,saba
id_uhvgzpnpg0p5.wav,tatu
id_nj39pwaasl9u.wav,tatu
id_wa5aix9s91n9.wav,mbili
id_adnjdi2si5u4.wav,tano
id_beukdhd0grnw.wav,mbili
id_1h6vo8fba8gz.wav,ndio
id_qs76a6w6dy4x.wav,mbili
id_09nethbsaeau.wav,nane
id_0laj56mgm5h3.wav,nane
id_fdsizrw8s6aw.wav,hapana
id_ismvn86we6rj.wav,nane
id_evd7xby7fw8z.wav,nane
id_uegn3hwrd2eo.wav,sita
id_3esgnjkbzg35.wav,hapana
id_sgah2mvdos4g.wav,mbili
id_irmta5pf0hki.wav,kumi
id_gvhn186kwh3i.wav,sita
id_0plh7lmm4xdv.wav,mbili
id_g5qhz1fuoax2.wav,ndio
id_ozmcxe61xnj2.wav,ndio
id_xwsb8xlusaaq.wav,moja
id_x8zqgpd1hgxv.wav,hapana
id_t5a91uo9oetg.wav,hapana
id_hgbtddej63bs.wav,tisa
id_24u2mnvjarao.wav,nne
id_6wkd8x8kb6y5.wav,tisa
id_vk5godl30rzc.wav,hapana
id_w5ffja120wyb.wav,sita
id_30cs2stw0ei6.wav,kumi
id_80inn0wkzb05.wav,tisa
id_jesalmts95r8.wav,tisa
id_hl204k55hvuj.wav,tisa
id_u8zgolwmag70.wav,kumi
id_kdvvqhl70f34.wav,ndio
id_kvftz2zupp8d.wav,hapana
id_r6fcvel443af.wav,sita
id_9no3x3b6hu2c.wav,tisa
id_8925m3vtl0w7.wav,nane
id_qg274aw5ymk3.wav,sita
id_e0dnfv6ggbzh.wav,kumi
id_x04cqytn8h7x.wav,kumi
id_gc9tjh27qmkh.wav,nane
id_maih0d0aw7s2.wav,tisa
id_7q3auqf46dp9.wav,moja
id_cpl3c1bxg2u0.wav,tisa
id_rur4dgxmrs5t.wav,moja
id_98qzlkoo78am.wav,kumi
id_n7bjha09a4tc.wav,tisa
id_qbuogj3a8wv1.wav,saba
id_fxywi03j4a6i.wav,moja
id_nddoituuhfa8.wav,nane
id_n9hutmr62qsa.wav,nne
id_laun2ypbxy0j.wav,mbili
id_cza0t1pzjj1x.wav,nne
id_l5pve4vshynv.wav,tatu
id_3ueye0th313i.wav,ndio
id_llyxwan6x9ib.wav,kumi
id_stkl65535rlv.wav,sita
id_2cm069q9psap.wav,tano
id_e7cz4t8zp3bi.wav,mbili
id_5hqas66lf9gw.wav,nne
id_3b3j18291km9.wav,nne
id_9echjbql8ybw.wav,tatu
id_a2davyfjue9s.wav,tisa
id_tnbrn7mqurnb.wav,moja
id_xuwmh29i7jf4.wav,sita
id_ctamqssqlgnz.wav,sita
id_i0vmezgoe8sp.wav,tisa
id_jud80yru7ozc.wav,kumi
id_yqsyxoy7jbn4.wav,hapana
id_mawvgiqkg5fu.wav,tano
id_vcmfmh6bmz55.wav,mbili
id_owym10jkb4rc.wav,nne
id_9vqxiiue9my0.wav,tano
id_ewaw96gd4srp.wav,kumi
id_f168xgix1zy2.wav,nane
id_qibuogfz57oe.wav,ndio
id_91km4rrf8cde.wav,tano
id_3c8pexd17hxw.wav,tano
id_tgiav3vin4vn.wav,sita
id_m4zh9xjilejy.wav,saba
id_ms8zyeyy547b.wav,hapana
id_d86tt17ppv8q.wav,tano
id_m81vludrfw3x.wav,tisa
id_2pemurklavcr.wav,nne
id_x6ci9uzmk8jg.wav,tano
id_pmsvitbxfq4x.wav,tano
id_999i01g5vky9.wav,nne
id_uo7uadcn2fvc.wav,saba
id_zlqxorfrvppw.wav,nne
id_ttoscaav1le9.wav,tano
id_fs3xtdik8wjd.wav,saba
id_amvqo5ytdzmu.wav,ndio
id_yk7atyg8eb05.wav,saba
id_nspigpdvm6ts.wav,nane
id_6ljcok2j07f9.wav,nane
id_cobls5w8q948.wav,kumi
id_n5vyz0fatyit.wav,hapana
id_37wc2c4doc5l.wav,tatu
id_xox9ehp1pwnf.wav,kumi
id_93gfc4dud4du.wav,nne
id_mg90v0mjpp8o.wav,tisa
id_1p06nl07alsj.wav,nane
id_3vnmo4woeq3o.wav,tano
id_jj60uf2fle0v.wav,mbili
id_ntbhqknas0ad.wav,moja
id_7a737rg5h2io.wav,ndio
id_nibuyjvbt2fr.wav,hapana
id_npd8mjfjr44v.wav,nne
id_0apfh5fz93v1.wav,moja
id_p88p5a1vhzl2.wav,tatu
id_j48unplyz5xk.wav,nane
id_40hja8nyywdd.wav,tano
id_hckhccpfvzwa.wav,tisa
id_3cti04x488z7.wav,kumi
id_8iotg6c3yrvz.wav,tisa
id_ca1e1rlyiwa5.wav,saba
id_cfkeh6x36kk1.wav,saba
id_r7m2e44fptlo.wav,kumi
id_fvptzbxp6hjw.wav,ndio
id_k2c2un1wo124.wav,ndio
id_i4wm36h5jthm.wav,hapana
id_ifq54h8b42wa.wav,nane
id_996icxksn4h2.wav,tatu
id_k8u4moha573y.wav,kumi
id_tsgy9tt0gzir.wav,nane
id_zrlwcbfl34lw.wav,moja
id_u1e98cjp47jb.wav,kumi
id_2ry6eauufzfd.wav,tatu
id_m67fbmpekvrm.wav,tano
id_hidk630o4ecb.wav,hapana
id_17jlu6m2k0la.wav,hapana
id_tmlv501e4lwv.wav,ndio
id_wbq9ec6u2q00.wav,mbili
id_5aept469ixxv.wav,kumi
id_c84hg0o9hvmr.wav,moja
id_mrb5as033w4j.wav,tano
id_1pca3ef7fyf6.wav,nne
id_yj1mu48v0pe6.wav,moja
id_lz1n81k5lao8.wav,sita
id_uhr1078s9cro.wav,sita
id_f9u0m1q7uh1t.wav,hapana
id_u417x7ecandv.wav,sita
id_xa69aswwmi5f.wav,kumi
id_ttax9f0kpx0d.wav,ndio
id_fem35o39b8qv.wav,kumi
id_qrmjc2q53ifa.wav,saba
id_mk7gl5456k76.wav,nane
id_km6w1onj8u1y.wav,moja
id_u6asbbej1msh.wav,tisa
id_dqpq10c6c6hm.wav,kumi
id_n7a9ge9ge95s.wav,tisa
id_mylx1tis59h9.wav,tisa
id_3q62kxbma49g.wav,saba
id_suxomp6mhxk8.wav,tatu
id_z9zj3ypkrqb4.wav,tano
id_9algfkobymge.wav,tisa
id_5z6efqnnbbhu.wav,tano
id_9b7j5f1bx9h3.wav,mbili
id_98nea0yc6hj7.wav,ndio
id_ot22qlncnhwo.wav,moja
id_nfh0tlk17jna.wav,nane
id_zp6xupyvninu.wav,mbili
id_feumcmuoupeh.wav,nne
id_r9lf1obkwslh.wav,tatu
id_wctjbg3g8ehv.wav,ndio
id_xdmxt237mne1.wav,saba
id_82sqsmfamjmw.wav,sita
id_lj5jy851eqik.wav,saba
id_ukaqjv4y4t5b.wav,mbili
id_147wp83monha.wav,tatu
id_v5tmm90dgjgx.wav,nane
id_rjlalb8r1r8f.wav,nne
id_e2sehuac48lq.wav,tisa
id_id2aaha81obf.wav,kumi
id_yqn812fljnu9.wav,tatu
id_tr8wep93h1go.wav,tatu
id_sc7fyp1thu2x.wav,moja
id_y6dfegje2hr9.wav,tisa
id_byn3xzfnsy3r.wav,kumi
id_q9q0wovsxcum.wav,tano
id_z6hnmu664s27.wav,saba
id_qux9rzi96eeu.wav,kumi
id_zo4qx0w92lr2.wav,ndio
id_zyjkvxony41m.wav,ndio
id_rnd6owwk8mfv.wav,ndio
id_3xx4pol9dbpn.wav,kumi
id_e27kxvgw6h0o.wav,kumi
id_emdmuce9klz0.wav,nane
id_8nubxuowynl2.wav,saba
id_qp8wte1v4if1.wav,saba
id_jo6f1ef6uoqf.wav,tatu
id_uxl1j3j54y0d.wav,hapana
id_70bh729tyncq.wav,hapana
id_ewtwnduwce0d.wav,ndio
id_yty5uhlw4i7r.wav,nne
id_wxug71xacx49.wav,kumi
id_wlu4pd772elr.wav,moja
id_akchazsbgsvf.wav,hapana
id_pvaegwba4i1n.wav,tatu
id_jlmxp80dttyz.wav,tano
id_rx4x4kbpowd8.wav,nane
id_5jqz43oi87uv.wav,tisa
id_g8niq1662n07.wav,nne
id_f78cls1lk3x9.wav,nne
id_69xkivr12erg.wav,hapana
id_ksqxnkp4pdac.wav,moja
id_exincp2hp1hk.wav,nane
id_puh6xvv68eo3.wav,hapana
id_mwamzw2c6i3j.wav,hapana
id_qruwwpigk99v.wav,moja
id_2xejronlc160.wav,mbili
id_ngup57bbw6q2.wav,nne
id_cu7i49j6ilrl.wav,sita
id_xf02grhew135.wav,kumi
id_nlwhtp8hfxeq.wav,kumi
id_he0ob6dogs97.wav,ndio
id_ypyewm9khlq6.wav,moja
id_t05pnvk9qq7f.wav,nne
id_f8ipidfmi08p.wav,sita
id_t1da9qa75ij7.wav,saba
id_dzqiug5bh3ga.wav,tatu
id_0ktq3i2jpy2w.wav,tisa
id_ih8l87227ioj.wav,ndio
id_8h2qqnmzu34w.wav,hapana
id_xi8w5woehel0.wav,hapana
id_4birzk2y5nqm.wav,kumi
id_gmaozh4gx3tj.wav,moja
id_43hskuczqt8f.wav,kumi
id_nswg7mk7va9r.wav,tisa
id_azb266350h50.wav,ndio
id_c7dw6shdeixa.wav,hapana
id_pub7jdwi5as0.wav,mbili
id_oxr2xgxjwdof.wav,ndio
id_6znz10z453pe.wav,saba
id_vzpm6dzyyzwo.wav,tisa
id_q84q2q7bq4bw.wav,saba
id_x4z0rpfac3p5.wav,saba
id_i30i9o7kvbrx.wav,mbili
id_e6ymg5ire7dl.wav,moja
id_ov8y90pzeu2a.wav,nne
id_tiiqh6uq6s2f.wav,hapana
id_21kh3svcm4pe.wav,nane
id_t80o7sz4xdp8.wav,kumi
id_0tohz5ikljpv.wav,tatu
id_nu53u7qq2eqq.wav,saba
id_n0b19o814lva.wav,moja
id_rbs4t6u17ptu.wav,mbili
id_qtrotyfmkb31.wav,moja
id_zlisv15so550.wav,tisa
id_814fhho3sn0f.wav,sita
id_x6tdn33uk9yo.wav,nne
id_k7l8oc4xyki9.wav,sita
id_yz6kpzaolg5w.wav,nne
id_zioknmlje2mb.wav,tisa
id_a03er93r6nbq.wav,tatu
id_qhlxzool2zt7.wav,tano
id_yuh8kg7eqwii.wav,tisa
id_rzobe4929vva.wav,mbili
id_l3qrdjozytly.wav,moja
id_xxn9im3phodn.wav,tano
id_dhl5kxzw5h4f.wav,nane
id_7sanlvwvwtc5.wav,ndio
id_i7bhjngq0udn.wav,moja
id_9dco88ww4u9l.wav,tisa
id_gjkontl43qo2.wav,ndio
id_kgy2lz5md9dr.wav,nne
id_ckiqpghhkvfc.wav,sita
id_xki2dk89yptn.wav,tatu
id_ipweb3j00wz4.wav,nne
id_w4gf0et7lk6i.wav,tano
id_ghrgzuhl8mbj.wav,saba
id_fofhuqacfuwg.wav,tatu
id_tev1xagtrqgm.wav,hapana
id_zcelebrc88yo.wav,tano
id_1z5um2jl4b7m.wav,sita
id_aj6vlplkwue4.wav,nane
id_6d1mgmzblv9z.wav,ndio
id_yvotvkq12670.wav,hapana
id_mk29z4c8atn3.wav,tano
id_co06qtb6zwyp.wav,nane
id_nxjsea2t8y02.wav,ndio
id_50livgpkivvz.wav,tisa
id_41xea6fn8t1c.wav,nane
id_tl1iphni82w6.wav,mbili
id_fu28r8oo9v13.wav,tisa
id_6ya7d8qx6r46.wav,mbili
id_lgr966u3pebb.wav,tisa
id_3cw194u32c0b.wav,tano
id_vsl52wjsq41j.wav,sita
id_ggxbrl6mikyu.wav,nane
id_vzq0eb74bq4y.wav,tano
id_i62hbq2pw2ya.wav,moja
id_5gs9hjwf0nlc.wav,tisa
id_3opl9t97kb8b.wav,nne
id_adx0ht2hzyk5.wav,moja
id_w0ii9epsol9d.wav,sita
id_9a1akumeinco.wav,nne
id_rv7mss7eff3w.wav,tano
id_h9y09ew0ur5p.wav,moja
id_gwiokuy33zhv.wav,nne
id_o8mcyt7x8r91.wav,tisa
id_ug62m8m2bhwz.wav,moja
id_xixoot3gzbug.wav,saba
id_345mh52fjket.wav,saba
id_0mnfgv0d5pdt.wav,moja
id_fwtshp5pwegd.wav,moja
id_20ky0ddmrc3g.wav,tano
id_9ur53br1onh6.wav,tisa
id_hs38evfn32te.wav,saba
id_syxtdgknf2me.wav,moja
id_vcc1uosd2ifq.wav,saba
id_5riqzs5g5g5r.wav,moja
id_iw13i7v50p4w.wav,hapana
id_de0jab6r8t7c.wav,tatu
id_4ycyr4jpvbs1.wav,tano
id_mq9a0kmgtec9.wav,tano
id_i73xsvg81glx.wav,tano
id_3kgcbbc0iujy.wav,hapana
id_a8suqbtwhysh.wav,nne
id_yjb9rb0t14zh.wav,tatu
id_1225z4zxeq84.wav,hapana
id_oiy2ogpk040t.wav,moja
id_tfm8c5hzwzfb.wav,mbili
id_bs8swae5544j.wav,mbili
id_91p3i9pqe9hy.wav,nane
id_vzlk6benugxk.wav,tatu
id_0ht9cbvfkpsi.wav,nane
id_4aqkjof6trnz.wav,sita
id_rzgxhzd9xcbk.wav,tatu
id_9nulh7pemzeg.wav,nne
id_nirrcao72424.wav,mbili
id_4mozo4mixmgt.wav,nane
id_1u8nswfbpcgc.wav,tatu
id_wndyeolegfxh.wav,moja
id_51rwvuwscd6t.wav,saba
id_6xgbwz7xb29x.wav,saba
id_riz8n3zgu5nc.wav,tatu
id_s0l2eqc0e522.wav,nane
id_m7mth6eiulae.wav,nne
id_2mp42y9eolei.wav,kumi
id_y292nl3x6duc.wav,mbili
id_ena9f14dzgws.wav,nane
id_eo443xz6dvrv.wav,ndio
id_zfsva8itxhyl.wav,tano
id_vtdtoem9lcbh.wav,saba
id_8lifroyelt05.wav,mbili
id_zho37lfbspm4.wav,kumi
id_piba0aw4b8e5.wav,ndio
id_x8d7cnlq6vv7.wav,ndio
id_4xvr6mnh173e.wav,saba
id_d6xmsr50qx6z.wav,ndio
id_yuxmgr2iktdd.wav,hapana
id_cc8vxfipo0xl.wav,tisa
id_zoz8ybdijbx2.wav,saba
id_cdq0rupm70rh.wav,hapana
id_dop3zy41jru9.wav,hapana
id_lrf0h0g1mj25.wav,mbili
id_583akl40fz8w.wav,nne
id_fk10kj62cdhb.wav,tatu
id_blovoxmwftrc.wav,tisa
id_6uhocblb2f13.wav,kumi
id_i4h4403hmxza.wav,nne
id_50detx17vfnl.wav,ndio
id_u37s6o9yqmbi.wav,sita
id_o0zfl0p4z3zi.wav,ndio
id_1ql8dauqjt9h.wav,mbili
id_83cvn96lvva4.wav,mbili
id_c0ka8r2msnny.wav,saba
id_kn21halmjk27.wav,mbili
id_im1q04zeyt3q.wav,ndio
id_pefhp826n70s.wav,saba
id_yo0fjz1tsib4.wav,tano
id_9tru1lc6krfs.wav,tisa
id_6ieub8u26ta7.wav,nne
id_eir4zy1xw023.wav,nne
id_rjweuxpntwsk.wav,hapana
id_f44ovneaoaqi.wav,moja
id_v52asgqtlu7q.wav,nne
id_5htphtiy5uac.wav,moja
id_85e06krywulo.wav,tatu
id_t4k4vmxpvwjx.wav,tatu
id_um8apj5nb2dd.wav,nne
id_qms4q15m1iz9.wav,moja
id_2f202evzhjwk.wav,tisa
id_zr0xk1egf1gr.wav,mbili
id_5csagw7engwe.wav,tano
id_aa4rfxdldxt1.wav,tisa
id_qfw5p9ufsrvf.wav,nne
id_z2wzpoehg6wd.wav,saba
id_q021be5oa4kg.wav,nne
id_vlncix0q7p3z.wav,ndio
id_lie6717iixch.wav,tisa
id_hnsywr8cukwq.wav,kumi
id_12kj458pm4wm.wav,moja
id_kcbxg1tpsoez.wav,hapana
id_l6w1d92pnboe.wav,mbili
id_aymt8v1bq9ln.wav,tatu
id_5i0jv5c3sgov.wav,moja
id_i4ct5vw7d8i3.wav,kumi
id_pk2jhicvhx6l.wav,sita
id_4kj20r8dgbcl.wav,tisa
id_syqthfv83eu2.wav,saba
id_a3y5q4eouq14.wav,ndio
id_viqggpkqt62k.wav,kumi
id_7izpg0ych4rw.wav,nne
id_nfjcckzsbq7l.wav,kumi
id_cjhhxujadkd1.wav,mbili
id_y4vdh5mfrwey.wav,nne
id_gzdbwu53bs8p.wav,ndio
id_6cx0xnon41r7.wav,sita
id_2ktye9zaa2ib.wav,nane
id_8k6crundu3kp.wav,mbili
id_r4fdw6zey6h5.wav,tisa
id_32ljffjeq9hv.wav,saba
id_fodcl1jx4lqe.wav,ndio
id_8o9d6pv0d83x.wav,sita
id_02gnxhol6cek.wav,tano
id_tzm32rr48n5w.wav,moja
id_w33nxjq309ps.wav,hapana
id_8asieqiabxry.wav,nane
id_489h1yy8isqf.wav,nne
id_mohxcpritor5.wav,tano
id_chgafchv9ekb.wav,nne
id_hfzkutnntkry.wav,kumi
id_cl5uflpzrbdh.wav,nne
id_ogfqucldczdi.wav,ndio
id_gtevr057d2aw.wav,saba
id_uy2jhz3invwn.wav,tatu
id_g6hsce7h537v.wav,ndio
id_t9bpu4nrntbp.wav,ndio
id_r7ikno16olyy.wav,kumi
id_p7a9mnxtqs1h.wav,saba
id_9w77hksiehjz.wav,ndio
id_dho7rffjkerr.wav,ndio
id_bb66y0viihas.wav,nane
id_cqmqhjphla61.wav,kumi
id_j1x6uhu3n2we.wav,sita
id_culi97ofngzy.wav,sita
id_nbrsx68e9jr9.wav,nne
id_tr4hymlcrara.wav,nane
id_kxbr3dytq5dx.wav,sita
id_titz229joj6r.wav,nne
id_p5mczc3rv2wk.wav,moja
id_0rldcyf1apsr.wav,tatu
id_3f0f1a4qhqfl.wav,nane
id_4ekokjn22blu.wav,hapana
id_4kl16xjhh58q.wav,nane
id_tdq5nsp5nqkd.wav,hapana
id_g1jm3297ckjs.wav,tatu
id_1w90rczhccbe.wav,tatu
id_h0l8v1nrftff.wav,moja
id_dym9btiw9dfw.wav,hapana
id_umbuepm9uafo.wav,sita
id_3qdd657p8dwb.wav,saba
id_bn2k6z1gdom4.wav,moja
id_6raxm4w4urxk.wav,ndio
id_tmpjxehuvwg8.wav,nane
id_dkx6g782c0tp.wav,nne
id_algcdtnmm5au.wav,mbili
id_e861ybwel9u4.wav,tatu
id_l1ht58cf4nxm.wav,nne
id_gdwvn4v9f7cg.wav,nne
id_p0w83k2cxaq7.wav,tatu
id_chsfjkns5u2h.wav,mbili
id_ozem1c492o55.wav,moja
id_74hva2szczp1.wav,mbili
id_ow5408yh3eu1.wav,tano
id_80lp58kkl2cc.wav,tatu
id_5juf26o9qcz4.wav,nne
id_i0zjjjmcqt2a.wav,tano
id_lmyx3cuoiqzs.wav,moja
id_c3g4ixlgnh1o.wav,tatu
id_j5bzocizvzla.wav,ndio
id_w68wu2f2zwhq.wav,hapana
id_lm7y433y5fro.wav,sita
id_ebes3dbgts2q.wav,sita
id_iy9zvv7c5y1i.wav,mbili
id_ib4ndc7xtk72.wav,tatu
id_k14al3oi3dsl.wav,ndio
id_ozee4bloecx8.wav,hapana
id_m1iypein5x8n.wav,tano
id_5t6wkc7o4hi5.wav,nne
id_c5akmij62nz0.wav,nne
id_70x85j2o35xj.wav,sita
id_d1p2uli2mlo5.wav,moja
id_8fwvvf7u24na.wav,tatu
id_uvbdgvnau6er.wav,mbili
id_w05e2rk21cqt.wav,kumi
id_eydugsi8wn17.wav,nne
id_mgfvj28nqnik.wav,mbili
id_sp7tx5oxcxql.wav,tano
id_lzcvvvxziuwk.wav,saba
id_cnipb0z114p7.wav,nane
id_f4mlh4tc7xiw.wav,nane
id_3j5b8bzzx396.wav,kumi
id_hcjfssfdr83v.wav,mbili
id_rmm820ra2v8a.wav,saba
id_1u32l9k3uojd.wav,nne
id_i5kvd5jsyho3.wav,mbili
id_3he1kbmy8v2n.wav,ndio
id_ah2z92quev25.wav,nane
id_wtooo8h1x7sb.wav,sita
id_7qrf44z4j9gq.wav,hapana
id_9t3i4nc9z2yw.wav,saba
id_g36hjyb1uu6h.wav,tano
id_31m0c8tnocr2.wav,sita
id_ghw5t3ugn304.wav,sita
id_y574jwj1h78s.wav,mbili
id_5azm8ertofsk.wav,hapana
id_zlyza31qc146.wav,tano
id_7jka4xxh9dej.wav,nane
id_auwsldpmtnqx.wav,tatu
id_j6dlsx3s0fuv.wav,ndio
id_cwwrk7afoax5.wav,saba
id_n0zgfcigfg9v.wav,tisa
id_de3k2kxeck4z.wav,nane
id_awz3j52c0na0.wav,nane
id_zzkwbl3d8s9e.wav,tano
id_nayv0kax33pq.wav,hapana
id_pdhx7cy4tkq8.wav,tisa
id_o0cg6uj5d83k.wav,tano
id_zy9s7sdnhb8n.wav,kumi
id_ca6qn7p95089.wav,tisa
id_7dixb1qay2no.wav,kumi
id_wtg9k9a3o3ni.wav,ndio
id_ajws25c9xwdk.wav,tano
id_61a4qi5zhlnw.wav,tatu
id_7nahw1stqite.wav,hapana
id_q8ublattuf6h.wav,ndio
id_2aucnzkz9eli.wav,moja
id_wg69s96v2760.wav,mbili
id_rm5wd41xf707.wav,kumi
id_edw0zopujz1g.wav,nane
id_wascz07tt9id.wav,tatu
id_y0ofpylebult.wav,hapana
id_nkfcrj8g548l.wav,tano
id_3yeiwg6otoyt.wav,nane
id_5tg718rzbvjo.wav,tano
id_okczaxna9cbv.wav,tano
id_16hjj117dhj3.wav,nne
id_q9ddicx8lij9.wav,moja
id_7p69sna3ha9y.wav,nne
id_nnrg7lf4fygf.wav,moja
id_prbj5dx74jru.wav,nne
id_iws4cs9wbc4r.wav,tisa
id_cmlxsufpks9i.wav,mbili
id_iqmv6ej4um5w.wav,kumi
id_nt2tl73rh373.wav,kumi
id_bmrbdqm6h5bh.wav,tatu
id_js3zqqy5ly15.wav,ndio
id_tegnxuaw6ema.wav,nane
id_kb1536xxb8rn.wav,saba
id_o3j2z464q2rj.wav,tisa
id_f34ewbljuj9s.wav,moja
id_m8en5npqnjpa.wav,nne
id_ks2c2rgu4o2r.wav,mbili
id_i3jn0w8fr1d2.wav,ndio
id_pp2axmpwh7e0.wav,tisa
id_stuxqpizcpab.wav,ndio
id_ty32bi0251ku.wav,tisa
id_isfckkm13lko.wav,kumi
id_xuqymciajqqz.wav,tano
id_rkmz3jwfq6iv.wav,sita
id_k6lbyqxkplur.wav,sita
id_t9i8wbdlrz1n.wav,tatu
id_1qkemzht1yxy.wav,nane
id_h6rd3p7tzhsg.wav,tatu
id_n2jq6ofn1gjk.wav,hapana
id_wl1a6217cpmz.wav,tano
id_j1wpyjh99p63.wav,nane
id_j2ea0mf7gqox.wav,nne
id_xnpxkrv8hmk1.wav,nne
id_m0i66e7t1ksd.wav,nane
id_frn36y98us5h.wav,saba
id_0so8tqf9upru.wav,tano
id_1v9r4aaiby42.wav,nne
id_xt313vl14byj.wav,ndio
id_yznjry4c146v.wav,sita
id_9038uajavqlf.wav,kumi
id_dqmq2w2ngry0.wav,mbili
id_wx67mfwgl01s.wav,nne
id_r2xle0g56kgy.wav,tatu
id_rbe7r0qswata.wav,nne
id_4sxj37cp6d9k.wav,tisa
id_xjqiv525rt55.wav,kumi
id_axp3m6ck0zn2.wav,sita
id_6jnhwr379tgz.wav,sita
id_9vw7pywnhtgg.wav,saba
id_ejg9julgwcxl.wav,sita
id_awvtf007cadg.wav,ndio
id_fmtxcqrzkgx9.wav,nne
id_ok4d5ylt5i4c.wav,kumi
id_uu29npp28lkg.wav,saba
id_7us8kaz1736o.wav,tatu
id_224grqydiy3t.wav,nane
id_1jdrhgqxib7t.wav,nne
id_w413bdux579q.wav,mbili
id_rxwvus43l68w.wav,sita
id_p4vqooko1k3n.wav,ndio
id_tgngyxhsdqb0.wav,tatu
id_upptook8ny0m.wav,kumi
id_wf5ue13h9my7.wav,ndio
id_u74t5kxb3kww.wav,nane
id_gy8ohvh72rm7.wav,tatu
id_4lvnuy8t8tfs.wav,tisa
id_g7up2a6v5cwi.wav,nne
id_4l6r9gu5n95q.wav,saba
id_2ylectoxtr8n.wav,sita
id_quh4ibm7i84o.wav,tano
id_cp7zw1pep2zj.wav,kumi
id_hmz7xmwoikdc.wav,nne
id_01dntd19l4a8.wav,mbili
id_bru5qqvk4pk6.wav,kumi
id_ga0d2b6a06an.wav,hapana
id_a98aatad896m.wav,nane
id_jdew6x7qyanc.wav,sita
id_gauk1cjctnd3.wav,saba
id_te0qxia3npv6.wav,tisa
id_8z60pkg3baky.wav,hapana
id_8mn0mera5yjd.wav,moja
id_u312weuxd9df.wav,moja
id_4pr1papm4jrp.wav,sita
id_jzbjxbq3pqa7.wav,nne
id_ytf30g86rzs0.wav,moja
id_n044urnv2zuh.wav,tano
id_rjndzm7uw8oo.wav,moja
id_xybg1e3runiu.wav,tisa
id_onab1gn9vyfo.wav,sita
id_ajss1tkmdd7z.wav,sita
id_3c9kgshkpw5z.wav,nane
id_jdyxgqi86r7x.wav,tano
id_t12fcrhkpbm9.wav,sita
id_0ehxqtmcqrao.wav,hapana
id_28k805vrmada.wav,nane
id_map1upesnwzy.wav,sita
id_iibctj967t32.wav,hapana
id_c8edn39igqou.wav,tisa
id_cry6i22xj446.wav,kumi
id_nl0kptzpgf66.wav,tisa
id_n4zfnu0182ji.wav,ndio
id_3k77zd22abns.wav,nne
id_zpxa3uuoe0q7.wav,tisa
id_9pza28p8eet3.wav,sita
id_fjrk0qgzz3z1.wav,mbili
id_cvy3mgkj4fci.wav,saba
id_uoxfh9q2v0fk.wav,nne
id_36yv5tnmda47.wav,hapana
id_02rc7u12zorg.wav,nne
id_nlowltxafnw9.wav,tisa
id_krnj764xu7yx.wav,hapana
id_imvxo1g1dh5m.wav,mbili
id_n7szgr5esy13.wav,mbili
id_wzr55t1o2foz.wav,mbili
id_ahq37fnh9yjn.wav,tisa
id_8qd1c7jidopb.wav,ndio
id_2b5hydw7ouoi.wav,tisa
id_wp1gxi9viwil.wav,saba
id_rd39hay6u7le.wav,saba
id_2un0jtpxujn1.wav,ndio
id_dhbq2q0i3ihj.wav,tisa
id_597j4jnuuqjy.wav,mbili
id_yavpwcuodpu9.wav,ndio
id_qwc4jx9g002x.wav,ndio
id_fci2f40qtjxu.wav,tisa
id_3ezd31cok7yj.wav,tatu
id_1ea2yuhr58qg.wav,tisa
id_72cxuos1ylzd.wav,tisa
id_wvylssogi6hf.wav,nne
id_6zjkbmw0ia9u.wav,tano
id_6mep8u7jcl6c.wav,nne
id_y4aj1oi5vlhq.wav,ndio
id_iozm8o4cy8l6.wav,sita
id_g08vgum8kvrr.wav,nane
id_5ux5nzox3dhj.wav,mbili
id_bzxj7tl9uqdk.wav,mbili
id_56m81volv0bp.wav,tatu
id_gx5n7d4z6p3n.wav,nne
id_6cp1m2j1hygz.wav,tano
id_vcr1v5ff5ytr.wav,saba
id_g9ehlqzxcb9p.wav,mbili
id_uaiuoie3u6sq.wav,mbili
id_9p4bhutnxoaz.wav,sita
id_ndbf7xm50qjl.wav,nane
id_uecf96dsep92.wav,kumi
id_nwe4kmfdp6iv.wav,kumi
id_v18ec9lsogn0.wav,hapana
id_kplvg13li7pf.wav,nne
id_9p3calymljrq.wav,ndio
id_ode62ax9rxm7.wav,kumi
id_vagr998f6v11.wav,nane
id_ivrdzdabiw5u.wav,tisa
id_wztyx3ykba9f.wav,kumi
id_wz30p6o753i7.wav,saba
id_6olx5am2ffs1.wav,tano
id_x62ww6s3iw7y.wav,kumi
id_hh0ubh21vg5d.wav,sita
id_mcyfw04niq80.wav,ndio
id_8gjngqln3d3i.wav,moja
id_e7ztggp8fxo1.wav,mbili
id_7rs86tc1t0mh.wav,mbili
id_gjma0aokd92t.wav,sita
id_oybx7sw06823.wav,mbili
id_6gp0bmu6zssm.wav,mbili
id_23ee9p738uak.wav,tisa
id_kh4dx5b6vh1k.wav,saba
id_s9ndj6swpjho.wav,hapana
id_pwrz9smho7in.wav,tisa
id_13i0bo3bohuf.wav,tisa
id_1cs2y9oxnt2h.wav,tisa
id_8fr4njq9pm3n.wav,sita
id_m4ff7onw3fms.wav,mbili
id_5ptm51eulhnr.wav,moja
id_nmnbyj27ubt0.wav,nne
id_uavbgcprucnb.wav,nane
id_aq52afthtxkf.wav,hapana
id_8kcyhec4kfvb.wav,moja
id_9492e87ffbmc.wav,ndio
id_yfpfy4zjylht.wav,sita
id_llfpfcgu2tqq.wav,moja
id_uf254b33d0pu.wav,hapana
id_qig21eszzha3.wav,mbili
id_nwqnch5368u8.wav,saba
id_ez7y2qpd2s03.wav,tisa
id_mly26efw104n.wav,nne
id_g99sykosd3kc.wav,mbili
id_itgbd4u4jq1d.wav,tisa
id_w01nihjvhlbp.wav,moja
id_pjjo0i3k6os0.wav,kumi
id_bmnmlf2e7u8c.wav,tatu
id_p22oyx200wge.wav,nne
id_yxmwfph9izk9.wav,saba
id_szek25ganjxa.wav,tatu
id_2tx4vs7n9buq.wav,tatu
id_h6bon83fm46q.wav,moja
id_3rfffdoekhtr.wav,saba
id_g99i9r72boxs.wav,nne
id_0kxhzqwpppwk.wav,hapana
id_9ul25izv4e3j.wav,tisa
id_gqg8zirklplc.wav,tisa
id_p5t8c0p0zs9g.wav,nne
id_2jn14xf83r98.wav,hapana
id_lalpzfgnpm80.wav,mbili
id_rni1z58czazz.wav,ndio
id_a77kprea72hs.wav,ndio
id_ahxkhjyzp5oq.wav,ndio
id_7o1717m49s67.wav,nne
id_lgt649tjg0gr.wav,moja
id_ib12s0icx5qz.wav,sita
id_vgwwhudzd01w.wav,mbili
id_a2bwc07dbmcc.wav,tisa
id_azdmpe6u6nxj.wav,tisa
id_sgz8eoa01u5d.wav,ndio
id_p7tuke75432u.wav,hapana
id_18n2b0l57nsp.wav,nane
id_5f8yctjj7al9.wav,tano
id_jkb7ol8fhe2g.wav,tano
id_zmyo57zfha6s.wav,nane
id_qyaegx8ippy1.wav,sita
id_uqy43vftmgn6.wav,hapana
id_ennsxt4prxmu.wav,tisa
id_ae1z3omv3z2i.wav,mbili
id_71gyc0g9yl6d.wav,hapana
id_i2xuwmee0vqw.wav,nne
id_wr0elj62q13i.wav,ndio
id_u1j2dt03w7ya.wav,nane
id_ko76wwl6qw5b.wav,moja
id_a7r1w5zoa4on.wav,moja
id_pe8lfzdp0dk7.wav,tano
id_d04ud4dzx8tw.wav,tisa
id_bm777l8hq9ex.wav,sita
id_3lfht0x3r0j7.wav,nane
id_2wcr47rru7uf.wav,nane
id_bd7i6m10vkbb.wav,nne
id_4puthqwodn36.wav,sita
id_q8pawbfbipzz.wav,kumi
id_84ej9ape6585.wav,kumi
id_3v9vnj4ey1ks.wav,tisa
id_1ojj7pyd271b.wav,ndio
id_couamyqxb9gw.wav,tisa
id_cepshfarm82r.wav,tano
id_vblalo9yt6kg.wav,tano
id_1dkpnb2vcbs7.wav,kumi
id_39eqo7zuhrw5.wav,hapana
id_cabxws6ngycr.wav,nne
id_6fdpysbf72mw.wav,hapana
id_ljf0h73ggt7p.wav,nane
id_g6x3b2q1hmrc.wav,mbili
id_uvijab3h4pfp.wav,mbili
id_xei6xr623kx6.wav,hapana
id_de058dza34vu.wav,hapana
id_1lrlnjt5yat0.wav,mbili
id_ettvq7khrcrl.wav,nane
id_x57y1tayyhhf.wav,kumi
id_mcmfpml75fxs.wav,sita
id_hdkh86n6y47o.wav,ndio
id_756zyn35i0aq.wav,moja
id_htxhsuv9r31s.wav,ndio
id_sd4w5u0eh272.wav,ndio
id_s46d8g93t7w4.wav,ndio
id_tdvbek9ztwfd.wav,nane
id_sj8179j9i6nw.wav,saba
id_ktbqzoshl7sa.wav,kumi
id_7sya9ne05lmc.wav,mbili
id_qe2bmybhllbb.wav,saba
id_m9784h87c2ce.wav,moja
id_njrdl87q56ko.wav,hapana
id_vmbwicdpfn68.wav,tatu
id_r62xen76u4e6.wav,sita
id_8xoz8dm0mqcl.wav,sita
id_8jyadbv3c4jd.wav,ndio
id_q65izqe31eoq.wav,saba
id_u7734w0wzh4b.wav,tisa
id_gd5h7t7bvsmp.wav,nne
id_y9gsfsua1ca1.wav,nne
id_dfkjpqbr1p7z.wav,mbili
id_xmv3v7rtixle.wav,tano
id_at0vgpe3z8h7.wav,sita
id_798ixpgenmb2.wav,tano
id_u02jty16yn6s.wav,tano
id_wfmdskugj480.wav,nane
id_wrzb7o3szwls.wav,hapana
id_foh6ysweha61.wav,ndio
id_wpertb70txre.wav,tisa
id_8yew1mu95say.wav,nane
id_b5q127tpbhia.wav,kumi
id_rr1qabm1x27p.wav,tatu
id_r5olf0tucpg0.wav,sita
id_dhizjualnvo8.wav,saba
id_pzq10tdm03z6.wav,moja
id_mjzp90gyx144.wav,tisa
id_jjsm4qee2ezh.wav,mbili
id_sdwq1fnaqvdz.wav,nane
id_ar1cbaaq2kw6.wav,kumi
id_xxqyzf12fhip.wav,nane
id_54acpxzvh5dm.wav,kumi
id_148urbd8geyv.wav,nne
id_brjz2juc6iy7.wav,ndio
id_2ei1g4i35afh.wav,hapana
id_rd4kz34yhlmd.wav,mbili
id_eldlv1h67tj6.wav,hapana
id_gxock9bcfzkc.wav,kumi
id_qiy1b23g1epr.wav,hapana
id_v52azydqljby.wav,tisa
id_02rt0p2zqm6s.wav,mbili
id_h2rwzq6wgp00.wav,saba
id_n39l4uejrf9x.wav,sita
id_6ir859hvk961.wav,nne
id_04qv4abenujq.wav,tisa
id_3vhme6rkljk8.wav,kumi
id_5enu5fefig4g.wav,nane
id_p28wynywbb5x.wav,nne
id_c3peoiq1t3ft.wav,mbili
id_w0mmdjwwj5fm.wav,ndio
id_pwe22n5gqj0i.wav,tisa
id_tcn0lf1ijnx3.wav,ndio
id_gd93ufw6b2bk.wav,nane
id_7wbumizqe5uq.wav,tano
id_r0fw2xtim0cq.wav,sita
id_7mw802r5vbqh.wav,tatu
id_aso285bikqia.wav,tano
id_av016vr7g5uv.wav,tano
id_5zk0h58qb0w5.wav,tisa
id_u5ebh6mnci7y.wav,nne
id_mgq2mjzeujvd.wav,ndio
id_4p3iqfi8wcht.wav,sita
id_dbhyt6c8sg9z.wav,hapana
id_5jnqlg9ydxwi.wav,nane
id_kfv0m2g0edvq.wav,moja
id_qanj7xspevy0.wav,hapana
id_4yce0h71hp98.wav,hapana
id_1o9ol53exqhv.wav,tano
id_u9yd2fuutjxq.wav,moja
id_fglh1nuu2fyn.wav,ndio
id_svwbs6og58bd.wav,nne
id_kw9tj53fucj2.wav,saba
id_zt8g7h15360k.wav,mbili
id_2h93m6fykfgm.wav,tano
id_nkr21kxvq3k9.wav,tisa
id_vy4zqgbfe67l.wav,tisa
id_n18aro100dmq.wav,nane
id_auvi9ux6aats.wav,nne
id_rwvl01jw5prq.wav,mbili
id_29euu0fxmw5j.wav,hapana
id_mgxlww2b1yc9.wav,nne
id_ozaso8tnv6l0.wav,nane
id_db6irdplascn.wav,ndio
id_k4cxz85lpmvw.wav,sita
id_3wrw0hik9l07.wav,ndio
id_rsyd6inzcj33.wav,moja
id_simgekq82lsp.wav,nne
id_5qagomuwe6iy.wav,nne
id_and08mbfx80v.wav,saba
id_9fwf3aocioyf.wav,sita
id_h31plco0flme.wav,tano
id_8ouy9rigwala.wav,moja
id_03gbgoj40xmf.wav,mbili
id_z2d86p8r4i82.wav,mbili
id_4gbdthllm11n.wav,hapana
id_n8er949u5qwr.wav,tano
id_qi5e6fbf32o9.wav,kumi
id_ydisvxf627g5.wav,tatu
id_4v4m9q50zgne.wav,moja
id_nwfq4z8zcz9r.wav,ndio
id_smtkiilr4v28.wav,tisa
id_169bu2n1892k.wav,nane
id_oa35enkla6y6.wav,ndio
id_73n755ivrko2.wav,nane
id_fz05q7xhg5p2.wav,saba
id_5qobln00kf5a.wav,nne
id_xec3x2oeoefw.wav,saba
id_7olo9np5y7lz.wav,tatu
id_dwpscsrrv9t3.wav,moja
id_2rsigmjls3mf.wav,ndio
id_2gv46gzuig5m.wav,tano
id_9ykopnerqn9g.wav,saba
id_fkt1qmz90evv.wav,moja
id_usbe24qaq2zj.wav,tano
id_drm9nxn63d44.wav,nne
id_lk9l4v4n8oto.wav,saba
id_sbc61ne4a7ys.wav,saba
id_ydxyx1phm70t.wav,nane
id_i8onf09fupa0.wav,moja
id_cgc2ycqq0lok.wav,kumi
id_1lfqvu0tzm17.wav,tatu
id_fzkznja8frvg.wav,moja
id_gt761nff5ef4.wav,tisa
id_rbeojr4a0uf7.wav,tatu
id_hojx06ejprq1.wav,saba
id_cze9fkz5avjz.wav,nne
id_5vzy773cgpr2.wav,saba
id_d6k42wlqexub.wav,hapana
id_pu1lxkz6ie43.wav,saba
id_snlc878z8yxm.wav,saba
id_1kwmypt6w7ns.wav,nane
id_801xij8qyrxx.wav,ndio
id_zfcfcxzpb39a.wav,nane
id_j4ekrzmqnvze.wav,tatu
id_oj93e49jcb9y.wav,tatu
id_6agex7khfq2c.wav,sita
id_5yfyfzf0g1c8.wav,nne
id_syfemfprvnb6.wav,tano
id_0nnt1c1jb0ww.wav,ndio
id_9a75rmdtjge4.wav,sita
id_jau8lr8cqqko.wav,kumi
id_c8klybca8kzh.wav,moja
id_if8t1w94pan7.wav,nne
id_o55alyxhdzou.wav,tatu
id_v0h1esms6sgt.wav,tano
id_5ym7luykk2xy.wav,kumi
id_ux7wyqip0oeo.wav,hapana
id_qlil9t1q7x9r.wav,tano
id_gfhus61l6300.wav,tano
id_8ws5x61egevg.wav,moja
id_p8z4fj1xzuz9.wav,hapana
id_37zj1oo556h6.wav,kumi
id_m3q0uzr8ge1w.wav,saba
id_a3pmmgmca8pv.wav,ndio
id_32p1el13bwqx.wav,hapana
id_beqpnbstt014.wav,nane
id_09yk1xlz73wm.wav,tatu
id_m4voy66nxi6l.wav,mbili
id_d2i3waa34xwr.wav,kumi
id_kkx07jsz7nr5.wav,tisa
id_n2k9f4nciumy.wav,hapana
id_tbbzxy9n6e72.wav,kumi
id_hirkpckdk7b2.wav,saba
id_rov4dfpgzdxq.wav,saba
id_8z0bmxw2dpd4.wav,tano
id_2h0h7uny06df.wav,nane
id_o8x2ahsyfcuf.wav,tano
id_8ip0h60imnkt.wav,nne
id_clwgq3est1zy.wav,mbili
id_taki0ypga2mi.wav,hapana
id_xtwjbcibizfz.wav,tisa
id_vvpcrv23uege.wav,ndio
id_f5yzh0otn33t.wav,tatu
id_ojq0on1hiugb.wav,tatu
id_gdq23p6xgzya.wav,nne
id_heskmq5sn9f6.wav,tano
id_zi44b1tsl0mv.wav,moja
id_3oj2j7dal77u.wav,tatu
id_pk7poaz80pyu.wav,nane
id_u1k3uiq2cijc.wav,hapana
id_eui48zuwdrrj.wav,mbili
id_s6oqpdks8id9.wav,saba
id_gpndyj9dnq5q.wav,nne
id_ay9zcb9a737m.wav,moja
id_xun1a85y1t9i.wav,kumi
id_rpmuer21zuyy.wav,kumi
id_ikqrhb9zku8j.wav,tano
id_73ry0uvspsbk.wav,tano
id_y808coxysvse.wav,tisa
id_5aly5y4f0ihq.wav,tatu
id_w0zjbgevmybk.wav,nane
id_amtbp2zrdt2v.wav,nane
id_xkz8z5pvctcd.wav,tatu
id_86fusq09iz8g.wav,saba
id_tbouclvrl4cd.wav,hapana
id_esewddw9abqg.wav,sita
id_ntuwsldb6506.wav,nane
id_w7oynmmdjbo1.wav,sita
id_9hem52dsvmdh.wav,mbili
id_2uuqs2pwdcrg.wav,sita
id_sve7dkb8mptj.wav,nne
id_v2okjqke4zmb.wav,nane
id_k2duz51ikjrg.wav,tano
id_l9bm3ad5oe0l.wav,sita
id_66s905f25psf.wav,nne
id_ymnaarms2nvd.wav,kumi
id_j0uu2dx8i4qr.wav,kumi
id_dwmc7pfey5xa.wav,sita
id_4u9ga349wjbo.wav,ndio
id_aj9j98m4uz9q.wav,nane
id_g09dylquxayk.wav,kumi
id_igdyf7ms42ul.wav,kumi
id_b90xbcdf9dqj.wav,hapana
id_q022n07kg3sn.wav,moja
id_peqjyodkns0r.wav,sita
id_rjl6li44m21s.wav,nane
id_n33f4gyld7hk.wav,nne
id_yj6qzu7vgcj6.wav,tisa
id_fjstah7pnc0g.wav,saba
id_r4pi37axnl8w.wav,saba
id_66a5bv4weyig.wav,moja
id_7zr5lsaahcdu.wav,hapana
id_n5n7rv0y1ar0.wav,tano
id_s5sfzeb06yrv.wav,tano
id_zyrztnzd2qul.wav,hapana
id_h3bzrmh0w9ws.wav,tano
id_7jp0zhso80hw.wav,nane
id_r6mmzdb838cr.wav,sita
id_piouf4mayjp6.wav,mbili
id_6ii1zps6z1un.wav,tano
id_d4aggzm19xp1.wav,nne
id_ztxj0zaafvgd.wav,sita
id_wjro813xbn2h.wav,tatu
id_6zky32f2bj0a.wav,saba
id_hngtb77ftgwa.wav,kumi
id_h4539oe0nhuj.wav,tano
id_pewfkx63ta4i.wav,kumi
id_b2u2cogk1h6v.wav,tatu
id_446qmiipkifh.wav,kumi
id_3oeoe9r3pign.wav,mbili
id_qpcnmbq9dhzw.wav,nane
id_njas808bf0z4.wav,hapana
id_hzzzpsqwoq3o.wav,kumi
id_map4q70pjdgb.wav,hapana
id_ovvb2wnclkuc.wav,nane
id_5ta18s11zpg5.wav,ndio
id_jtdryobm1anq.wav,tatu
id_ycj5r0yz4nzl.wav,nne
id_wkk0bpbw9do9.wav,ndio
id_z3q4ayf8otdd.wav,tano
id_cipds94oxrla.wav,nne
id_n8i2i9rknf3j.wav,tano
id_7h0407ve2v0a.wav,nane
id_a73vfn22twdm.wav,nane
id_n1si61ujqiis.wav,nne
id_9kysooszd258.wav,ndio
id_flddeq4k3v5m.wav,sita
id_vo9nfsx311w2.wav,nne
id_0uvjq0t8k5r3.wav,kumi
id_ni9z4dj1rkch.wav,moja
id_cglmmworvjz3.wav,kumi
id_8d48a00flo5q.wav,tatu
id_t4bve9r0rq8b.wav,sita
id_nhz8baiq0d4e.wav,hapana
id_jtznh406l2zi.wav,sita
id_gzvbct8ttp7j.wav,nane
id_wj17bv5a18i2.wav,tatu
id_f1lfk227oqto.wav,tatu
id_x2d89240nf7p.wav,ndio
id_pbw5m68y94kn.wav,mbili
id_dbfvqtr8ffnt.wav,mbili
id_fi1pmqpe24na.wav,ndio
id_c4vzosdjy3g0.wav,tatu
id_xkxu2i1s1o02.wav,tano
id_9an73fv3g83d.wav,moja
id_tbg1vd2edtvr.wav,tisa
id_9h37alvag1li.wav,moja
id_dcweohgz4tsu.wav,mbili
id_i517xze5v36a.wav,mbili
id_9mvo2k0n97bv.wav,moja
id_injlouhxg1hg.wav,ndio
id_hk16q6vbxr6p.wav,ndio
id_tewe3iyfhpji.wav,kumi
id_w5bdg02qe8b5.wav,tano
id_dur7cf37zndn.wav,kumi
id_71hm75cdbak4.wav,nane
id_zrcaxt5exauo.wav,sita
id_m7p6eekewgfi.wav,ndio
id_6kjj6t5dz4s4.wav,hapana
id_hgbysxeasumw.wav,nane
id_ycpc7jwr5lpo.wav,kumi
id_ahn6oa0gxis5.wav,mbili
id_1fgmsufxpkdg.wav,hapana
id_5dbep6fghf0d.wav,nne
id_r7081y0xtos0.wav,mbili
id_5s5ihian5fva.wav,nne
id_51uefqfmx9rz.wav,mbili
id_ue1lgt7wsjgh.wav,nne
id_tpudx7rnt5y4.wav,kumi
id_9dtqvzepwb63.wav,ndio
id_s4gpgrtb6a1g.wav,sita
id_hgxk47sqmr8w.wav,saba
id_59b4wvq3t6e2.wav,hapana
id_hb6qwucth9b2.wav,sita
id_10hv6wfhhz7g.wav,saba
id_x47gshlfcoy9.wav,mbili
id_weqnc6puafu7.wav,ndio
id_qsuimon7ntvh.wav,moja
id_5wajviimzv7f.wav,tatu
id_uzfvl2gmux6m.wav,kumi
id_3amwqazbl4y9.wav,saba
id_edwy74cljdl3.wav,kumi
id_tw7ylhb8un5p.wav,moja
id_rj977o1rxrue.wav,nne
id_aagtkxubkqpf.wav,tisa
id_n3gc4h5v81c2.wav,nane
id_xlks99i50b3r.wav,moja
id_7nfgp5a7fwp3.wav,mbili
id_9admbsm917ox.wav,kumi
id_k18jsiu2wqz4.wav,sita
id_dlnxuz5z61cg.wav,moja
id_usxah42fmi35.wav,tatu
id_9w9iuirwru6o.wav,tatu
id_jiz09p5ucmlu.wav,ndio
id_4v8ap7315sx9.wav,mbili
id_ogeqaemr3bg3.wav,sita
id_z8spxgllon1a.wav,hapana
id_6mxwx62c6tni.wav,tisa
id_84dub5txii70.wav,tano
id_f8utjemtmc6n.wav,kumi
id_pm8pa4ahiyn4.wav,tano
id_7yuo96qvplv9.wav,hapana
id_1hry8typiri8.wav,saba
id_p89x5f8f11av.wav,mbili
id_ml99btoy9xt3.wav,sita
id_s56xvoran4l2.wav,saba
id_2crn2mrqxico.wav,mbili
id_1kmsyljii35i.wav,hapana
id_pfoykf8qs1jc.wav,mbili
id_7f91xbvh8spl.wav,ndio
id_xnqyexcjtczz.wav,saba
id_21l10o79qvdg.wav,kumi
id_et2erv26gg2g.wav,kumi
id_hycb5tfa3b9r.wav,kumi
id_b07vxoz6xdqd.wav,saba
id_7d4dms25gv7a.wav,ndio
id_gqg3mbipo36l.wav,tano
id_urmnukvuuzu7.wav,tatu
id_lu72023pt7tw.wav,ndio
id_s4w8cvq8m5r9.wav,tisa
id_jzn83vlm09jg.wav,tano
id_tf3fx45dvhf3.wav,moja
id_833b0varkgv9.wav,ndio
id_94z1rxtn5eex.wav,kumi
id_0g5sc48b7r8w.wav,saba
id_zu7epoy0q31e.wav,moja
id_uwdxt01nijrd.wav,kumi
id_jr5jb638ithv.wav,nane
id_edmgvsrdtu3r.wav,mbili
id_4is67z1txumv.wav,kumi
id_ut0mcm0gym19.wav,tano
id_0rds13cppi5m.wav,tano
id_f222q7qtvsjc.wav,kumi
id_jeubabq2oi9o.wav,moja
id_n3hyjqutup8w.wav,tano
id_4zbyi2wmmdql.wav,nne
id_cs4w6oqhdi9v.wav,nane
id_5bv65bcd3vce.wav,sita
id_g563fif4zhu5.wav,saba
id_9o62ubv16j2p.wav,nane
id_kxbic8yrn4g7.wav,tatu
id_a13dy9i8zncc.wav,nane
id_vwpuz4i9vgkx.wav,mbili
id_ljdlz01pnbbh.wav,saba
id_vkb3gx764p71.wav,nane
id_e12cioljm5fg.wav,hapana
id_jhvjm9plbiut.wav,tano
id_00cn4kcmk98r.wav,moja
id_3txe9ba7hdse.wav,sita
id_15k8lkc7x9vj.wav,hapana
id_mfup5yifi6b5.wav,nane
id_ytmbth2ezy9r.wav,nne
id_ji9hhxlfd0ms.wav,nne
id_wga77chh1o10.wav,saba
id_i6hk34wzwakn.wav,saba
id_dr3c8w8h664t.wav,nane
id_bcerjjn64bw8.wav,nane
id_4j93jbtsx7ll.wav,hapana
id_zeoywzbp0qbd.wav,nne
id_u13r6ir6sbsa.wav,tano
id_yiiunjzt7k88.wav,hapana
id_84ldvfqkl16q.wav,ndio
id_hqxf01pc53ur.wav,saba
id_q2nz2lah0a2w.wav,tatu
id_e4qje03mbvp8.wav,hapana
id_9m9azhmysge8.wav,hapana
id_r6vvyabasdhf.wav,moja
id_jjpei2u6l2nx.wav,tano
id_2mgapraafo2t.wav,hapana
id_i6ps7d05do3h.wav,tatu
id_ojxa8071i1n5.wav,ndio
id_wyx32zqvfzl1.wav,tatu
id_epqgtyozs0rg.wav,mbili
id_3njxhyz4ieuh.wav,tatu
id_n6n3ejhrfrnu.wav,tano
id_xzo5lt3ssdpd.wav,hapana
id_ylehl0vdhpcd.wav,tatu
id_8qybemrkfb39.wav,sita
id_7yuqcx130wjr.wav,mbili
id_sn5zf3bb8ca5.wav,tano
id_0jyz56np458l.wav,ndio
id_oe8353w2xjb6.wav,mbili
id_c11698pwq9j9.wav,saba
id_61k9l4k2fue7.wav,tano
id_78yaxftj59df.wav,mbili
id_mg0q6mk6ph61.wav,sita
id_6khyytl5tcja.wav,saba
id_efkmat6yqp5e.wav,mbili
id_6xg9gy9i8036.wav,tatu
id_4semjrxvrfrd.wav,moja
id_3xv3kz7gtlqk.wav,tisa
id_f1bhdqs5pr2n.wav,kumi
id_53w7q7thuvt3.wav,tano
id_gt45539c55n6.wav,kumi
id_fetpuy1tyujk.wav,saba
id_bzvlih2xjnsy.wav,tano
id_i8vsdb2mvclz.wav,saba
id_2toxc1ee6ven.wav,hapana
id_0j7ud1pgj5e2.wav,nane
id_xhayxumxyll9.wav,tisa
id_c48r08b67dj0.wav,kumi
id_znz7qcu084sm.wav,sita
id_sc6zsndp9k36.wav,saba
id_bsnarmple4cd.wav,saba
id_yhab5phwm4kv.wav,sita
id_wh9s08lh9wnh.wav,moja
id_4z4n9sg2cmwl.wav,tisa
id_uwkm64jhtagn.wav,moja
id_54d0c5chzq2v.wav,tisa
id_1d72bz0ncmmv.wav,moja
id_rlau1qiqnvm2.wav,tatu
id_hslf9h2g3c31.wav,moja
id_5dodej20jg5h.wav,kumi
id_w9asari5e86y.wav,tatu
id_jhtfc5dfc2m8.wav,tisa
id_vg6gcad53l67.wav,sita
id_a0j6pmpx9oa9.wav,saba
id_bln3iqc57vrx.wav,ndio
id_sgaub2w8qc7m.wav,mbili
id_mquvxgotnzi6.wav,saba
id_93agssyzshlu.wav,kumi
id_ls3ghmvdjn18.wav,nane
id_zok499oi2fr9.wav,nane
id_lwlx3d7p65k7.wav,tano
id_xt2pjfnyonml.wav,moja
id_1xzoumfn0oj6.wav,kumi
id_vt5z9rq4oy5o.wav,sita
id_gqb2lp0fznf2.wav,sita
id_yt42jv5i5xcd.wav,nane
id_2occ7idp9d4l.wav,sita
id_htc6xgkh7j3w.wav,saba
id_nxn37xuppti3.wav,tisa
id_35mkfss6bmju.wav,tano
id_rx7vw6cjk520.wav,ndio
id_deshokjwh4v0.wav,hapana
id_vz7xfmgmk31d.wav,kumi
id_mxfuhffl8tjk.wav,saba
id_t5erw5g91ahs.wav,nne
id_ar27vy5b3pv7.wav,kumi
id_reiv0xlxylj1.wav,nne
id_2f2gdmzajibc.wav,hapana
id_q6v2cje7qrql.wav,moja
id_doaeojk98xc7.wav,nne
id_3b08magdq64p.wav,mbili
id_lpckfn0jmlp3.wav,kumi
id_y9yx6hxz4jfn.wav,ndio
id_y0yr1wzqrnc1.wav,moja
id_1hz6e5tmm3k6.wav,saba
id_bw0sf4ipjtte.wav,tatu
id_4i56pnwxol3b.wav,nane
id_66heh9ihea4l.wav,ndio
id_qrk3zkhbygxi.wav,tisa
id_je2xwkn85diw.wav,nne
id_90cs3gcrbvdm.wav,nane
id_ob68wxulbssc.wav,kumi
id_ahfbx52nwlbb.wav,tisa
id_nflxbdqlkxqb.wav,saba
id_dekjzvqx2muu.wav,sita
id_k8jsyqs9zjh8.wav,moja
id_f0sv0jhwp84l.wav,tisa
id_6udcu00kwjsd.wav,moja
id_ebwouc9dh9ai.wav,kumi
id_97duco365yv4.wav,sita
id_c3vpgwyk9z57.wav,sita
id_ioa8q5xzq8yr.wav,tatu
id_rnwc1i7zfsch.wav,nane
id_wlqsrpjcgyo8.wav,mbili
id_exbhpn5dqcf5.wav,mbili
id_m4vbzdct7411.wav,mbili
id_heixq4g34eho.wav,tisa
id_oe2wu2kfrp9p.wav,saba
id_in82kcbokkrh.wav,nane
id_0r3yinjho1sp.wav,mbili
id_l8qou4tdc9qr.wav,nne
id_px1vfsokq0uu.wav,tisa
id_5ro1uwe9bxk7.wav,ndio
id_rvw33itc95fy.wav,ndio
id_1o6v1puynom8.wav,nne
id_xzw7r82igr3e.wav,mbili
id_rnq8tbt3tzvr.wav,hapana
id_f3l2kf7yvqap.wav,nane
id_xyuak5kp2zw0.wav,moja
id_tjugwmr0744u.wav,tatu
id_03j13ry5yo13.wav,mbili
id_a942p72yyue2.wav,saba
id_07mte6awbnfq.wav,mbili
id_o8aid9a6gs42.wav,sita
id_xlzbiirsq295.wav,saba
id_se9q72rmdnmu.wav,nne
id_8vtppid9fytg.wav,ndio
id_lcsg6a1tmg5o.wav,saba
id_8jht0664lv0p.wav,nane
id_ngq0ou23j8ft.wav,hapana
id_i85nebhcujvq.wav,kumi
id_5x0ht0zjmu3l.wav,tisa
id_6wkhgl8a8f8a.wav,tisa
id_9wy5h07fvdfr.wav,sita
id_kmsqrdwia7t5.wav,kumi
id_ll43h9imb92l.wav,hapana
id_yqrg05qt73gq.wav,saba
id_i26ny0vtfqmx.wav,sita
id_qf5k58s3z7z1.wav,sita
id_ivnkpymzfw0i.wav,kumi
id_ad1jndvfsvr4.wav,kumi
id_heuu73wv6tls.wav,mbili
id_sl3dc1niqpww.wav,ndio
id_47iplmbhbbx2.wav,ndio
id_de4wa6s62hzd.wav,tano
id_7so7re7zmheg.wav,tano
id_hhghk6yhg7zs.wav,saba
id_tb68okcyj5se.wav,saba
id_b1zeupufy644.wav,kumi
id_172scgpa6j7j.wav,moja
id_lqwx4emx15sv.wav,nne
id_jq3sz5mk031i.wav,tano
id_1rd1valqahgw.wav,saba
id_t22q3pi1hoc5.wav,sita
id_avbc4jwxzbg6.wav,tano
id_yq956kgwu5ha.wav,saba
id_5dqj1ld511kg.wav,saba
id_7okeviz8z41u.wav,hapana
id_3l6pjwqwtsdm.wav,moja
id_jzraxxsjwwkx.wav,moja
id_z4bsgktw3vgy.wav,nne
id_5sxyk63i99cb.wav,nne
id_5diofx211fbs.wav,saba
id_z3jesip9h54w.wav,sita
id_svoeowfdue9c.wav,sita
id_h63r8immvqee.wav,saba
id_1a7ortjxaqj4.wav,tatu
id_u7sfsi9q6wiq.wav,moja
id_etdaz15o5x3q.wav,tano
id_bhq93sbm8xah.wav,kumi
id_7rpk9tzzpuny.wav,mbili
id_tvrksbsbsh7i.wav,nane
id_wcp86nwig4he.wav,ndio
id_1b2chm7m97ca.wav,mbili
id_r1gi5ay1vqxf.wav,nne
id_8jv85kpf6al4.wav,saba
id_m8cyooxvaqew.wav,mbili
id_ke9iku0q76f1.wav,kumi
id_1w5i2g7yiqim.wav,tatu
id_m8g61cx1u4ha.wav,ndio
id_6wjuiq6qytv0.wav,ndio
id_qt5v8yhobk5k.wav,mbili
id_byp380m199nh.wav,moja
id_frj8pren0uqv.wav,kumi
id_fbe9wuv0fxz5.wav,ndio
id_gt1bu8ij6cpr.wav,tatu
id_8781n53tyz7z.wav,hapana
id_crt6lnkcg3wn.wav,kumi
id_3wit13cyxzlk.wav,sita
id_2eggz0p188zu.wav,moja
id_5vt34u7zlel3.wav,sita
id_tzb2yh12h4xe.wav,nane
id_wbzqm829h2ir.wav,nane
id_9nz95vww3z65.wav,moja
id_kbja27bq84kq.wav,tatu
id_xhbm0qskmrt6.wav,saba
id_31ogk5zt8c4g.wav,sita
id_0sorl8u4tk8o.wav,hapana
id_egxt8u8bv38p.wav,hapana
id_vjza0y38lsuk.wav,kumi
id_4fcclwvlqpyz.wav,tatu
id_lq1kvpagzhwg.wav,hapana
id_6onfy14u6ztv.wav,nane
id_nv9tg427jl4g.wav,saba
id_9v64xxdbzlwd.wav,saba
id_wpe6o56wyyqj.wav,tisa
id_tqsjx3c518rc.wav,nne
id_fekehmbnshy8.wav,ndio
id_yx7tuduyno4e.wav,sita
id_djzo2b30e952.wav,nane
id_a5n934nl7sny.wav,tano
id_1ju7bqqkby5n.wav,sita
id_w2mhvbd2mwjm.wav,tano
id_jdxutbgdkgrk.wav,nane
id_x3wrnl45czbd.wav,kumi
id_ugg18wx1r3h0.wav,tatu
id_ezsn58igbhih.wav,nane
id_7t9x52klwwnk.wav,mbili
id_cdb5n9ghvf92.wav,tisa
id_yabo4lfuotsz.wav,tano
id_cpumxfmailyh.wav,nne
id_ox5wkhuv0kzj.wav,tisa
id_qhr6re0ujlqs.wav,mbili
id_2cx3w18g1j9x.wav,ndio
id_pwvzavl2dl6q.wav,nane
id_gqybbcl52nc3.wav,sita
id_3nr04cfzog15.wav,tano
id_azgef1qd82i3.wav,tisa
id_lfw2u2ej7wpz.wav,sita
id_fnwq0rai52go.wav,tatu
id_n0c3xzruos2u.wav,tano
id_9ss628ewkgot.wav,kumi
id_0q98zb6cicse.wav,ndio
id_e1lwnbrrqmzc.wav,nane
id_b5wzl170se21.wav,hapana
id_5y7q286af79p.wav,kumi
id_506h959df0ro.wav,tano
id_e1vmvfrgrcvs.wav,saba
id_z8v854nqamwz.wav,nane
id_fcm4kllovl4p.wav,mbili
id_9f8x4e6upstk.wav,sita
id_terje6kzc7hk.wav,nane
id_01v7ycmw6imm.wav,tano
id_5rtbes1hrfg0.wav,moja
id_c24q8fri3pgz.wav,tano
id_m4ol1zenm2fs.wav,mbili
id_d2nufj5apxjg.wav,mbili
id_shwiw7ae6cou.wav,tatu
id_egaw9u9cr1qa.wav,tano
id_depc4pxekzhp.wav,ndio
id_5rlc5o5n1s1b.wav,mbili
id_9s26ovhtcp7w.wav,hapana
id_jjoerv7cg916.wav,tisa
id_e6igencrkmg2.wav,hapana
id_596447eup9oy.wav,nane
id_h8clthbp98oo.wav,tatu
id_kr6daxzjinrs.wav,moja
id_qzpivo6d0led.wav,saba
id_t60tbp75oczg.wav,saba
id_gjn2u3cvf2xz.wav,hapana
id_fu4oeu8yxagw.wav,tano
id_0wf5s1o2w8ev.wav,saba
id_xoiv2ceh5i9w.wav,moja
id_gdhnpb9tk6ju.wav,tatu
id_nk62wcksti5e.wav,saba
id_9fmy0zlgbxz4.wav,nne
id_4nl29x8w67uo.wav,kumi
id_cw1r7kyuwj89.wav,tatu
id_sowf8poicxap.wav,tisa
id_cw0atars2ki2.wav,hapana
id_ltggexqidequ.wav,hapana
id_kfv40u5w74aq.wav,hapana
id_b0jyjadp4pkh.wav,nane
id_s5mosdj9h487.wav,tisa
id_qdtuf1xl3a2z.wav,kumi
id_36qc0pvoftt5.wav,tisa
id_9kuvo7i5avm5.wav,ndio
id_88u561vjuxva.wav,hapana
id_0hc8wdnn31eb.wav,tatu
id_zvdz9ufh315s.wav,moja
id_yiyqobbrzr1v.wav,ndio
id_vso41n7b6iua.wav,ndio
id_pwmqp1td6k8w.wav,nane
id_xxe6pxbh1vih.wav,nane
id_nr2agzca6wvr.wav,tano
id_yjooce1llkg3.wav,moja
id_iahtct4bqvcj.wav,kumi
id_kbgspb4u23am.wav,tisa
id_3c9v5jm1hmmz.wav,tano
id_9nhsialypfu5.wav,tano
id_wq174c4kxbox.wav,saba
id_flehbkhti0eg.wav,saba
id_rm4p939ggzty.wav,mbili
id_cypyyrqecb2l.wav,sita
id_2ffw0em3f7no.wav,tatu
id_0pl250m9dm5j.wav,tano
id_g419eeqs1bb0.wav,tano
id_gbom56gclpu3.wav,mbili
id_6lcykyju2a1f.wav,nane
id_25k1gx7xcp8k.wav,saba
id_extihiuai0qz.wav,tano
id_0a9r27bb48na.wav,kumi
id_a4bweeb779z3.wav,sita
id_3de5isyfv5nd.wav,hapana
id_6evryhlr4q5k.wav,nne
id_6n998o93irht.wav,tatu
id_sdhl1scj68qk.wav,hapana
id_oi5ddptg1ckt.wav,moja
id_ry7sq4bw46a1.wav,nane
id_8mhalkwwm05w.wav,sita
id_qoa7f8xeu9a6.wav,mbili
id_xbjdbsm8osvx.wav,ndio
id_obmy94ur8o5d.wav,tisa
id_fh59uuyenm99.wav,mbili
id_3q28g0rrl79t.wav,kumi
id_6lnhwl1tseen.wav,tano
id_9jhh5qilicjv.wav,nne
id_unnf244qewjs.wav,mbili
id_mwrywe1rjt4g.wav,nane
id_oox89jn1a9zr.wav,ndio
id_g7gt7q60x9fx.wav,tisa
id_qv6a9xq2r6vz.wav,tano
id_b5a3vsmkz70l.wav,kumi
id_cvoe2wd90f0s.wav,kumi
id_forg8nanb628.wav,tatu
id_0wxcl0zehbjh.wav,kumi
id_0rwk70xuzujr.wav,mbili
id_i067jc4v2fxz.wav,tisa
id_c38093r5atk7.wav,sita
id_jdn3dwxbeldt.wav,kumi
id_jhr81qgdnztn.wav,mbili
id_tj1zs66a1rmp.wav,saba
id_a1x8mlwzetfo.wav,nane
id_trb1i5i8633z.wav,kumi
id_p08md7qbnzlz.wav,saba
id_t7zrm8kgebn2.wav,hapana
id_4phgwcyug8r0.wav,moja
id_0yxi8s4d6f95.wav,ndio
id_4ghvrnt32pz4.wav,nane
id_uwfvfv5644lr.wav,tatu
id_57h6eu6h111s.wav,moja
id_kstrzx615274.wav,moja
id_hy4bogigkb75.wav,tisa
id_2umc263t0mkj.wav,tatu
id_4zu9um5qtb5s.wav,kumi
id_vwnpqdg7xz7b.wav,nne
id_ipurvwi8cujh.wav,moja
id_lmh1r56kmqm1.wav,sita
id_qyqj1jczxiji.wav,saba
id_ih5tqogqzs88.wav,mbili
id_p3ica0wyw7cs.wav,sita
id_9gkg1o4pjle1.wav,tatu
id_h70v1upj83zl.wav,ndio
id_2dd7jya7rdx4.wav,sita
id_x7opmzd1zkyq.wav,nne
id_iqglqsjaogo0.wav,tano
id_3jan432i3dai.wav,nne
id_led9ljp0mzx2.wav,hapana
id_861q3fyp9a6r.wav,saba
id_1gt07oj1wsxw.wav,tano
id_jctg4jaknwq9.wav,hapana
id_ohj7j97z85ec.wav,sita
id_43eme1y1ckmj.wav,ndio
id_8lde9l9y724b.wav,saba
id_3br9ywygak8i.wav,mbili
id_jq4oiu270xk1.wav,tano
id_zf5ku6kbcgbu.wav,sita
id_8a7i45e13z5d.wav,tatu
id_zaix54zrc9pz.wav,sita
id_is255lu48czn.wav,sita
id_yov0g91b2cto.wav,sita
id_am3s54mtx10h.wav,tatu
id_fkp3ppeph4mi.wav,tatu
id_qbey3wog334x.wav,nane
id_gg9sj8kaq94l.wav,tisa
id_j8uibxhonew9.wav,kumi
id_cwwsj03y1851.wav,tisa
id_ig3m0k08xzp9.wav,sita
id_qd9wfzwggis2.wav,moja
id_hdewz5eb9i8s.wav,kumi
id_iga1q821bc23.wav,hapana
id_mwutny9klu6u.wav,saba
id_9n3k3cvsdv3m.wav,tatu
id_ahmrg3hf8ulz.wav,tatu
id_9f16lff24dbq.wav,tisa
id_cr5s0vt9yfyp.wav,nane
id_kkorak0m9pwl.wav,nane
id_b9lizvfhrdod.wav,hapana
id_81drplilq3k8.wav,nane
id_1unj4avbv0ne.wav,mbili
id_7h4reqiwm3j9.wav,tatu
id_lv1repukn2id.wav,moja
id_zjq7iuv99h7o.wav,sita
id_hdpgh6aa1a8r.wav,tatu
id_61k1lxirgcov.wav,hapana
id_w04b3otq09mg.wav,nne
id_wuwxoawstn3c.wav,hapana
id_4fvyo4mgaymm.wav,ndio
id_5k6vxs4aof26.wav,mbili
id_1hoz655dyxuo.wav,hapana
id_p2oau0luxhww.wav,ndio
id_i91g3zjsxsjp.wav,ndio
id_jp1tjxvnn19s.wav,nne
id_mpx19t33vdie.wav,saba
id_p01io1y0to7w.wav,tano
id_otyapezu5vzc.wav,moja
id_7yz9q65zmt7o.wav,moja
id_9ze5g8403wcs.wav,moja
id_0azqblnuutdw.wav,hapana
id_oal51gwn78qv.wav,nane
id_403k3cg33626.wav,nne
id_v23kn9by3fb7.wav,ndio
id_t1gxyt89ob1o.wav,kumi
id_krvca62bonfh.wav,saba
id_20ivv7yv7o7e.wav,mbili
id_omg88ehokpqt.wav,kumi
id_renyw5n3ug73.wav,tano
id_uqsbtcg0wpt1.wav,moja
id_y7n01eh70mw8.wav,sita
id_ogtly0k32akk.wav,nne
id_ufvabyte3jbh.wav,moja
id_onw3vqsg4s7v.wav,saba
id_qbe85f3t4cav.wav,nane
id_52bb55fdl38u.wav,tisa
id_g8uheoyxf3ql.wav,moja
id_xhtboznshdvs.wav,nne
id_052d2n084g6e.wav,nane
id_imrgicntbqbr.wav,moja
id_1ee5v6u6c9lw.wav,tano
id_5qae75d6o7u2.wav,kumi
id_n0rjkpe8r2po.wav,mbili
id_0r7awrawc36d.wav,sita
id_rrr3gn602kut.wav,ndio
id_oft79ndneun4.wav,ndio
id_ea5gvr56h0f2.wav,saba
id_uz5fxtizfclq.wav,kumi
id_c60wpkfgs9k3.wav,tatu
id_h7d0gfx2wm73.wav,tano
id_qcakejjknfsw.wav,saba
id_jrfshnwdidqa.wav,nane
id_jiomxrcxrpsc.wav,nne
id_5yfzsgchpxf3.wav,tatu
id_1fn5d1sy5hoy.wav,sita
id_c119s0f3per0.wav,moja
id_onurzbrba3uv.wav,tano
id_l1k9bpnin5bx.wav,nane
id_1la687f3j5p3.wav,mbili
id_x02w4cpx9z0v.wav,tatu
id_3s4zv1noeplm.wav,nne
id_6gcyp7hpqffg.wav,kumi
id_t3u7yaflc1ko.wav,kumi
id_cjz8yq10supd.wav,mbili
id_jupqp5k4cw4l.wav,hapana
id_mqtcnjq5fqfj.wav,ndio
id_xmvgyc0cguis.wav,tisa
id_96bdnvk7bxs4.wav,nne
id_6q4s8cmk182z.wav,mbili
id_pp62hwv5vo46.wav,kumi
id_eerks9ydf157.wav,sita
id_rk44p07348iv.wav,nane
id_vwco2nbwlun5.wav,moja
id_x0dhreogq9s8.wav,tatu
id_6b7vc2apvvhy.wav,ndio
id_wislj4l55j9k.wav,nne
id_frq8ps54unm0.wav,moja
id_ckbanly9aqvj.wav,tano
id_1nnv73elkrvs.wav,ndio
id_e5a5b7wxosay.wav,nane
id_kvcjraomtgxe.wav,tatu
id_e3upi7uuq9am.wav,hapana
id_0drn03ed7y9u.wav,tatu
id_hg4v37kwsa9g.wav,moja
id_9pckacd0g3zj.wav,nne
id_6zzq5seczqen.wav,tatu
id_wljrineqw66m.wav,tano
id_5q3z2xkj477p.wav,tatu
id_rf3zvvvbnhq2.wav,nne
id_wgpj1590jty7.wav,nne
id_xctcd7rijtix.wav,hapana
id_0sc1qk8tga2l.wav,hapana
id_5wo3gxs4lve4.wav,hapana
id_gkn92tnobawz.wav,sita
id_hdaboo3yau2i.wav,moja
id_s5r59no9yftr.wav,hapana
id_igolh47fxnmz.wav,tisa
id_1tpz9rx2d27g.wav,moja
id_qf6siymb8v1s.wav,ndio
id_132bh0mszjj1.wav,nane
id_ysplfm575v5a.wav,hapana
id_v5j8y4lzz50f.wav,saba
id_v296vn6dqina.wav,ndio
id_bfxbq3aimwfz.wav,tisa
id_1qwsrg5xrwbt.wav,sita
id_t1tahbt23m9y.wav,sita
id_rb4lbdt9p5u5.wav,nane
id_1q835ieht39j.wav,sita
id_hwcylsded1zs.wav,tisa
id_nlenwbk65y7r.wav,tano
id_sw6fkw0sgymm.wav,moja
id_yfjk1oe3swu5.wav,saba
id_lciadgf78ykn.wav,tano
id_p4l05fylbeht.wav,kumi
id_hr94bh5q9wez.wav,moja
id_lndygg9eh83h.wav,kumi
id_f6jh8j9k0fhl.wav,nane
id_wpp02p120f5f.wav,moja
id_hmdodllrirqj.wav,nane
id_8ii3xrw5x671.wav,tisa
id_v16begrbsli1.wav,moja
id_pvr6tmkoohxv.wav,kumi
id_uo3cuuwxufw0.wav,tisa
id_cjdee4mrvxeu.wav,nane
id_i1v3sjf92ewc.wav,tisa
id_bh7qgquar3i1.wav,tano
id_kxsilzue946l.wav,hapana
id_ju507ixw2fk1.wav,kumi
id_s6esnuneldyk.wav,ndio
id_wcku35q7x7hx.wav,tano
id_1v5wfsshg1a7.wav,tatu
id_wdmv71x28qgb.wav,tatu
id_rt7r2e4s1du0.wav,kumi
id_c9et56rpzifb.wav,hapana
id_0n3dnzolbbde.wav,tatu
id_u5js6ytxfv3q.wav,tatu
id_4lyffxy4mtxg.wav,nne
id_rzohz9x3f23o.wav,saba
id_kggq783rb2ip.wav,tatu
id_n4q86rsq29hl.wav,tano
id_4k7blv3zepva.wav,ndio
id_tp5t6eljpix9.wav,kumi
id_vufwpwiy82la.wav,nane
id_izcg725mgo83.wav,moja
id_79049ftc2bkz.wav,nne
id_h0buv6cdax36.wav,mbili
id_lp7saki4becj.wav,tatu
id_1li2ku75j94g.wav,tatu
id_1hqdop8jr077.wav,tano
id_xc8ub10i21q1.wav,mbili
id_5yjjx3ask638.wav,tatu
id_sucl0pu3d8fb.wav,moja
id_4b92vxq55fwe.wav,tatu
id_spg3uty9rjv0.wav,nne
id_u7yodv7rxvbo.wav,mbili
id_fpfx70rq0fua.wav,ndio
id_svvmrw52ryba.wav,moja
id_g5v91dy97g9q.wav,ndio
id_r8u9y2vjn6zr.wav,hapana
id_hgwjqp04scsi.wav,moja
id_5xep74er3b29.wav,nne
id_7yasp4h37xt0.wav,tatu
id_t8gx0vs0w8k6.wav,mbili
id_gb24a3tmudm5.wav,sita
id_p9h1hg9c7de5.wav,nne
id_897k2sutr4qg.wav,nane
id_x4e3npzd5tk4.wav,sita
id_zx2mg0bsc57z.wav,saba
id_3r10qw08vbbr.wav,hapana
id_xhq7jxdbjv9z.wav,saba
id_bsngwdek5wsh.wav,tisa
id_oh6xpep9ubui.wav,kumi
id_q7h4uwfsz4fm.wav,saba
id_jvrlydd3ubvx.wav,mbili
id_90pizlpc0t7o.wav,nane
id_6ar5dj3ebsum.wav,saba
id_i9t25g1mam0u.wav,hapana
id_kg7d9hl7uy6l.wav,tano
id_9df08n46rdcy.wav,mbili
id_solcjuh0w6sn.wav,nane
id_me2oldhjvjqo.wav,ndio
id_khr4zl9x8pek.wav,kumi
id_56a7xgljt2m0.wav,tatu
id_whm3uesc0w3z.wav,kumi
id_cl5ogexmcmx2.wav,tisa
id_10oyhhl4td1t.wav,tisa
id_w4zko8isocu7.wav,saba
id_nfgdtfnaop6z.wav,mbili
id_rfx4zspwabnx.wav,sita
id_vlqaszm3cf3j.wav,sita
id_qe4yriwwemjb.wav,tano
id_ktdrarg1nf58.wav,nne
id_0sf6b4b7vsrg.wav,tatu
id_ie95geu63t66.wav,hapana
id_sjrh07s2ulh9.wav,moja
id_uxrb246okbw1.wav,tisa
id_mj461jnd11rn.wav,mbili
id_ynr0q6778lyb.wav,mbili
id_3y2ejb6ohxxw.wav,tano
id_muq4ob47z6st.wav,tisa
id_5hp81dg8be5s.wav,mbili
id_xl69bckh7f6x.wav,nne
id_uxdl7uao2hjz.wav,mbili
id_kdaqoapzc2tr.wav,tatu
id_w52t2zkrpgc5.wav,saba
id_qr6w9rhla6oy.wav,sita
id_o9mj3jigqu08.wav,mbili
id_33lnbo3s5afn.wav,hapana
id_qgkm1kzcigz7.wav,tatu
id_gwbhk86pkqgl.wav,tisa
id_8wx1jiwdu9cb.wav,mbili
id_d7htnheuy6wn.wav,mbili
id_36t5xwy2dgg2.wav,hapana
id_phhtvhnpqizc.wav,ndio
id_s4xxifgzr3io.wav,tisa
id_8upzf5d6ntze.wav,tatu
id_44do3yp9e6za.wav,ndio
id_htx9vb45vk8h.wav,mbili
id_s414mt0fagfz.wav,nne
id_1pbophmb7y8l.wav,nane
id_f73ny8khxphc.wav,moja
id_s02sfvx1qo1d.wav,saba
id_pszed6n3z61e.wav,kumi
id_mldsa0piqngd.wav,hapana
id_nx1rxa4vf5th.wav,nne
id_npt7xn4c7e76.wav,mbili
id_qwmvhyhrw40w.wav,kumi
id_m9tmesm3zx7a.wav,tano
id_wwrl5i5rre61.wav,tisa
id_blg760fw1b03.wav,nne
id_jsmbviiz2gcl.wav,nne
id_zn4r49yv5zvh.wav,tisa
id_bfk9fp7ufjzw.wav,tisa
id_oqy9dhu0sdjd.wav,sita
id_22w0lz0fa43k.wav,tatu
id_arnn0mn1gx2s.wav,mbili
id_m0e18colnz1i.wav,mbili
id_l6mo4vmkntse.wav,tatu
id_tgw14f3xv424.wav,ndio
id_x1lqwlty7xe4.wav,ndio
id_2wyqdsq0oajx.wav,moja
id_2t4igu7tslf4.wav,sita
id_obdqiyjvp9z6.wav,sita
id_8vrsyogndaqu.wav,moja
id_q78n1x8g08o3.wav,nne
id_a4bpninzsj6m.wav,moja
id_d6xi6uedc7ve.wav,tatu
id_tni2ofukv2em.wav,saba
id_8b2fv4fqurr1.wav,saba
id_pwovq4goavqf.wav,tisa
id_18qdpl0oqimu.wav,nne
id_jfsvn2kv57dy.wav,nne
id_m76fnilzrycc.wav,mbili
id_is89bp93hnla.wav,tisa
id_dxeoia0bfpg7.wav,tano
id_xrcgclaw9g8a.wav,kumi
id_wdur6ms13l3m.wav,kumi
id_m5nue756elr8.wav,saba
id_qlhz5x0mxumk.wav,tisa
id_rurd1t1e4tol.wav,sita
id_x82dye5nonxa.wav,sita
id_3wzazhlrpq5n.wav,tatu
id_4en2cojs0k5n.wav,hapana
id_vmpcaxq1yoic.wav,nane
id_7e5vu6pd6lkm.wav,kumi
id_jblr6ktr6x48.wav,sita
id_w5ikop6cxmj6.wav,sita
id_hvzokke0mks8.wav,nne
id_w2xk2kiuh85h.wav,moja
id_pknnbdgqhze7.wav,moja
id_5z9e2mmj0hmn.wav,mbili
id_gznb39fawkdt.wav,tano
id_cebrzevrcrmw.wav,hapana
id_8sckzrnw2ti8.wav,sita
id_xhqg0yh19lp6.wav,kumi
id_hliy67bxu5kh.wav,ndio
id_9jwsincsjqxb.wav,tisa
id_wgucy4dwh83t.wav,moja
id_3fee2wtkma23.wav,nane
id_dzkgw1jt5oxc.wav,ndio
id_hjg1xndevdf0.wav,tatu
id_6ib5ta59zs46.wav,moja
id_i3iwkgjkme9x.wav,tatu
id_1wunkz2ebred.wav,tatu
id_9q1oxshrodwx.wav,moja
id_si00lptmee4a.wav,sita
id_zqoy2o0zve6t.wav,nne
id_s9z00rs1tgwi.wav,tano
id_iunhxpn24h7f.wav,tatu
id_gmqhus6vjx3e.wav,moja
id_v235vddtg1sm.wav,nane
id_e8eowdx49hg4.wav,hapana
id_uumlkzckx9q0.wav,mbili
id_m233xnl43q7r.wav,nne
id_k14ze58z9vyt.wav,ndio
id_28kyrhue1oaq.wav,hapana
id_dmfx7cnlbfiu.wav,nne
id_zbfnf75160ry.wav,tisa
id_abd481tgk9yn.wav,nne
id_sw82slpwez0b.wav,hapana
id_ese5dxdwrtgt.wav,tano
id_aqkrqidp0fa8.wav,nne
id_l73lul19wbev.wav,hapana
id_x3ht55txdvph.wav,kumi
id_fbsm9iga61nc.wav,nane
id_tuqin1rw60cc.wav,kumi
id_ab4x9ik79fkq.wav,sita
id_4rnwar4vznfx.wav,nane
id_2n4gx84x0cl8.wav,nane
id_znpcrtg23dcy.wav,hapana
id_fpnpzjpl5jrp.wav,moja
id_08qmc49cjsdi.wav,ndio
id_ungdog8wgeaa.wav,tano
id_r9cvrbhzd2hr.wav,ndio
id_q9fzvn0ie4qr.wav,nne
id_oyq0w4nbmji0.wav,mbili
id_di9m2gmyyirj.wav,ndio
id_p3657su2xuif.wav,hapana
id_pwkm53rvdcs8.wav,tisa
id_f3w2kuqrjwng.wav,tatu
id_avt1uz28kpc2.wav,tatu
id_6v8zm9su8n01.wav,kumi
id_o6f09yplmou6.wav,moja
id_rogb5vjxpgin.wav,hapana
id_may1gsj7sxac.wav,sita
id_9sw4vjd4i5pf.wav,moja
id_op9ea23ln0xo.wav,moja
id_6mvkne8ydfso.wav,sita
id_6yd23ej5rwwt.wav,saba
id_tesbm3el5o11.wav,saba
id_f90oc1jnzbse.wav,ndio
id_4opne2cxrzu6.wav,nane
id_zabkht2n4a2w.wav,sita
id_7iszpismmext.wav,nne
id_z2hbv4h38cb1.wav,ndio
id_dc5mxkwqf8l5.wav,ndio
id_2beg86f1n08p.wav,moja
id_91kg5l7p9hnf.wav,tisa
id_ro7z5tntme08.wav,tatu
id_rt0twzidbywk.wav,sita
id_91bmjlbx63wm.wav,kumi
id_az3ul0wqaxzy.wav,tatu
id_hp6sw9c20eaq.wav,nane
id_aama005456q2.wav,tisa
id_0ob70n4arevf.wav,kumi
id_xrimnrnvd8wp.wav,sita
id_wc10x6oi4r6l.wav,mbili
id_3n8b95x59exw.wav,tano
id_u9d8r4b9igf8.wav,tano
id_5uzv1t5kzjj0.wav,tatu
id_a46pet3qlqj2.wav,nane
id_3nyaznnpj0pd.wav,nne
id_6yh7iggkchck.wav,tatu
id_p3drpi921xc4.wav,ndio
id_nc83ldehvx6k.wav,tatu
id_kx88wgu6tode.wav,sita
id_uy4dyk2y8itg.wav,ndio
id_gbjoonl44e13.wav,saba
id_j3uh8xdpwgm1.wav,tisa
id_95g921y5hk5l.wav,tatu
id_fzwlec9uy34d.wav,tano
id_saampoboz3gc.wav,mbili
id_jendv356sait.wav,mbili
id_ar170bai82up.wav,tatu
id_rucidftsjcch.wav,kumi
id_j09p922to3cn.wav,tisa
id_tk22j6xdgxyv.wav,nne
id_xzn25zledcgv.wav,kumi
id_uvyirc5e6tnm.wav,saba
id_yjvonez9ka7g.wav,mbili
id_5k2dphlfec2k.wav,sita
id_9n5hetpohwsp.wav,tatu
id_nixkamn8js4o.wav,moja
id_5fz73bcfhvhi.wav,sita
id_50i17ma6pfuw.wav,ndio
id_kvz6uqgtts23.wav,ndio
id_a7r3ztw3bvl7.wav,nne
id_pxty0t2fqbyp.wav,tano
id_jl5alrl7ep05.wav,moja
id_yff6vyqjrs2a.wav,tano
id_2u82olfn7vgv.wav,nne
id_vp197e2iq48j.wav,tisa
id_afskpoko8ea8.wav,saba
id_5cb9ftsyyili.wav,tatu
id_27mtulsaca9g.wav,nane
id_bov9nyxpvo3d.wav,saba
id_4ziolasny1wq.wav,nane
id_v4ilg1oxc11z.wav,ndio
id_belprd1sdela.wav,tatu
id_pvn92l073fv7.wav,tatu
id_zm930btj4pw0.wav,kumi
id_yc3x5rwpzq3m.wav,saba
id_2z35cs0s6z8p.wav,mbili
id_afngbfy2bd1q.wav,nane
id_vv0w6du5o2s4.wav,hapana
id_nnouhkspdeuv.wav,nne
id_6ych2xotb7wb.wav,tano
id_qg6p4zhexyrs.wav,tisa
id_hjzezzou5ghi.wav,sita
id_3yym80t1sb53.wav,nane
id_d70n2ic961re.wav,tano
id_aqoaqk7hcbq1.wav,saba
id_ta8l6focakvr.wav,mbili
id_kalci7a2x4xl.wav,tano
id_b7354yonq4qg.wav,moja
id_x3c05ax2lwp1.wav,moja
id_lfh3kueok74t.wav,mbili
id_tsumlqgjrphf.wav,moja
id_osuw83d5ud1r.wav,saba
id_p7e7s8evjdzq.wav,nne
id_16kqhay4iooq.wav,tatu
id_52lvcoiercqe.wav,nne
id_slpwkzjay0w9.wav,moja
id_clg37pla3snz.wav,tisa
id_y0l7vc5uhs8x.wav,kumi
id_ghwdq6uh77yw.wav,tisa
id_f88l231shy8k.wav,kumi
id_05g7is2vj1sh.wav,hapana
id_3sbzf7fgk62n.wav,saba
id_h33jm6xcym59.wav,sita
id_9ygxihr3rr5d.wav,ndio
id_p2xfdx15n1uu.wav,sita
id_w0xtgg7qmz6h.wav,moja
id_qwasoo54axj5.wav,tisa
id_h57ucmv86cmm.wav,sita
id_5f97oz7530f8.wav,kumi
id_on6o0lutuoea.wav,kumi
id_w45c80rkvi2h.wav,mbili
id_37rxy8ilejyd.wav,tatu
id_e82jojic8yrp.wav,tisa
id_0n1wd4oqtij5.wav,mbili
id_805zhkhgxqwh.wav,moja
id_o45bknrzkqsm.wav,sita
id_kwcbtws099ob.wav,nane
id_sqqigqvscapg.wav,kumi
id_z5k49ldh7prl.wav,ndio
id_zxdsbyl606e7.wav,kumi
id_jns9cgq769x9.wav,saba
id_l1vys4o6s8g7.wav,moja
id_2jujmlh69tsv.wav,tisa
id_015rhcvf0g0y.wav,mbili
id_hiyh9v4mxn77.wav,saba
id_fsfd0db509v3.wav,kumi
id_occvnmu342oh.wav,nne
id_mpkun7ncjpq5.wav,ndio
id_zuk6d5c6tp8x.wav,sita
id_e5ze0nyd4xx2.wav,tatu
id_hnut1k8m3r8k.wav,tatu
id_kr078ru2ybae.wav,hapana
id_swgxdt14inp8.wav,tisa
id_8v2e2gh9deo2.wav,mbili
id_5nmq6jrdza4q.wav,ndio
id_hr9b0lyhjqdk.wav,nne
id_4alah5ssbd6n.wav,tatu
id_r0z95xxbfbku.wav,saba
id_u2nwo5hc15gg.wav,hapana
id_nxaluujop0qk.wav,tatu
id_o9qs0yr20nqp.wav,sita
id_87dixw9e219y.wav,ndio
id_hyw8injv42y0.wav,nne
id_j5uwtvg8j5ei.wav,nane
id_ifj709a7zw00.wav,nne
id_irhwvn34bo0y.wav,sita
id_5rxlckyyuv9l.wav,kumi
id_ztpo6dwg14eh.wav,nne
id_xxqjj52m5ebm.wav,kumi
id_817eba49vneb.wav,saba
id_5fqeifq0m583.wav,tano
id_m3itsl1xo8rj.wav,nane
id_a7o2b7trerdy.wav,nne
id_qjau1yqiw50z.wav,moja
id_1p2hi8wt0qpo.wav,ndio
id_pgxuuk17xpwr.wav,ndio
id_ujuve8nxxtxf.wav,tisa
id_2obi1z15e2mg.wav,moja
id_ny3yaiw9k30b.wav,saba
id_c212wiqpm06r.wav,tano
id_86yhgs8rxfnd.wav,hapana
id_t3kfs6wdmlgf.wav,saba
id_0j43xndx0wqg.wav,tano
id_xsh3vh9wqre7.wav,hapana
id_2vqv9u33zan3.wav,hapana
id_ht7nqabyx1fo.wav,ndio
id_wlcjddfyz1ky.wav,tatu
id_kilth8oc8fgf.wav,kumi
id_q7uoc9lbv49g.wav,tano
id_kt4wzpw4p4k3.wav,saba
id_rc8tc3vr3528.wav,moja
id_wtquvo9fejk6.wav,nane
id_9qtimmbivvr9.wav,tatu
id_v4hhr7mgflj9.wav,mbili
id_ra6xbk0e6wo0.wav,tisa
id_r1tztdd3nx0w.wav,sita
id_gdcykjk52ifs.wav,ndio
id_h0piuph5nfft.wav,tano
id_usvqedq3aguw.wav,ndio
id_tksk8vjw5ck7.wav,moja
id_rutlmifnna08.wav,moja
id_nfcim4gb6j2i.wav,mbili
id_hz5i2qubwtii.wav,mbili
id_wsxf4dvewzac.wav,nane
id_luv5sii15cuw.wav,moja
id_jyxzwy6hqpz1.wav,hapana
id_t06cia8cn32n.wav,tano
id_k0wh7jtx84js.wav,tano
id_p0oigtbidzfe.wav,sita
id_ft9cmucoefyl.wav,ndio
id_kthw5ut3g0de.wav,moja
id_14q9d3iqj19u.wav,tatu
id_qu639jrlyovk.wav,ndio
id_7kalzf8g2hq5.wav,ndio
id_hba8rrxzcbya.wav,saba
id_c07vhos3x6bi.wav,sita
id_1nq31kkysp7o.wav,tatu
id_4byd70k92kjl.wav,tano
id_gp1uov4vusjg.wav,ndio
id_vzb3kk3c2xth.wav,ndio
id_m6scw04qi4lx.wav,kumi
id_rl9ze8laoz49.wav,tano
id_lcb8snwbhsfp.wav,tatu
id_yd5ohcfe3mam.wav,sita
id_44jsl0vpt5b2.wav,hapana
id_n1fcerruuwhq.wav,hapana
id_dgjhqldd2su6.wav,saba
id_xzr6m3xtfs61.wav,tatu
id_lwccwuu7b49c.wav,tatu
id_p2o83qzep1c9.wav,tisa
id_o97vo4l5b94c.wav,sita
id_sevjnb1kbt3d.wav,hapana
id_ixb9ds8r35uo.wav,nane
id_w4v4hsy9dg45.wav,mbili
id_takq9h1rg4m3.wav,hapana
id_1025345v7gry.wav,tatu
id_z8qufmxahxi3.wav,nane
id_ffwdefh486ns.wav,moja
id_44xwi67zevlr.wav,nane
id_cjr4iqlhz49g.wav,moja
id_6ys2o4y3a80r.wav,hapana
id_3tu6zpdx3yz6.wav,hapana
id_0wny30qmrtxb.wav,saba
id_4h4rs31429ji.wav,kumi
id_ecpb17kbtpar.wav,tisa
id_zg9h0mf51y1c.wav,tatu
id_qxufg7e8qfj8.wav,hapana
id_qabftx74t6nn.wav,tisa
id_a50ah4b3103n.wav,mbili
id_sm8hu9hx958c.wav,saba
id_xr5iyzzzanrh.wav,tisa
id_9nguicptn9zc.wav,moja
id_ore1uncoocjo.wav,mbili
id_n0kf4fj14xz3.wav,moja
id_gqpfoayeryxp.wav,hapana
id_70ngul6vqxa7.wav,tatu
id_pkzcetb1qkps.wav,moja
id_jv6j42bjy72h.wav,saba
id_0bubpvvlqhpc.wav,nane
id_ab7djeuvgxii.wav,sita
id_ck0f7jjzrb62.wav,nne
id_hc4ufhoqigbe.wav,tisa
id_1otefnp108jd.wav,saba
id_d7kymwur14nx.wav,tisa
id_6u1u98kkw0wf.wav,tano
id_hst0uacjhv0z.wav,nne
id_j947u7n424ah.wav,ndio
id_lltzs8fhbxem.wav,tano
id_f4h29mga0lga.wav,moja
id_vdabkaxbjinv.wav,tatu
id_gbthfnt4w0ty.wav,saba
id_d54a90jvy2of.wav,kumi
id_bk8ulcpnh9qr.wav,tisa
id_l00e9q3r0tlm.wav,saba
id_m8fqgasaalrx.wav,tisa
id_qxduad839ssf.wav,hapana
id_1maaphk2zo6r.wav,tatu
id_kubwxnuuy6mi.wav,nne
id_idbws40cm1jq.wav,tisa
id_3a72ey2pydnd.wav,nane
id_9jxwbn315bsj.wav,sita
id_iay9ew99uvq5.wav,tisa
id_8kriy4cqm8kf.wav,moja
id_bceebr77n82u.wav,ndio
id_pccow9n7eze1.wav,tatu
id_k90fespenih0.wav,moja
id_fuxrc1hn1cms.wav,saba
id_u6qe47vvnf0n.wav,moja
id_ta8zpg2e2ctb.wav,moja
id_vqne1h665p7b.wav,tatu
id_ryuy2r9dn4ah.wav,mbili
id_ungzelxpo587.wav,tatu
id_t9jt7x4qm8o6.wav,mbili
id_swj9qdwxdan2.wav,moja
id_i92vyz2o5wqr.wav,kumi
id_on0ucruv0rqt.wav,nane
id_m63s0kvn3fo7.wav,tatu
id_yo31p2exwbft.wav,nne
id_4ky1ipdbnp3y.wav,tano
id_zcv69j7ro6ec.wav,moja
id_a7dlo0ek2q8r.wav,moja
id_34tesyac293p.wav,saba
id_xetl9327j5mz.wav,hapana
id_0t2w98zu53z3.wav,nane
id_f67d7ky8vysb.wav,hapana
id_zyekklg3fk4d.wav,tano
id_b1nefsjg0fw3.wav,tatu
id_fele9uv6zxj8.wav,nane
id_xxct1hhne0p0.wav,ndio
id_yyum1ouoy9e3.wav,moja
id_2rzmb06d9eq5.wav,hapana
id_xdpytxi6ok5l.wav,nane
id_kh8rv76n4j5w.wav,kumi
id_4w2kcae9ppr2.wav,nane
id_zvs2k33iy4i0.wav,kumi
id_24cr50pvhf8o.wav,mbili
id_mc9o31oe6q7u.wav,tatu
id_50v96vxlekxs.wav,saba
id_jb0mbuarsash.wav,kumi
id_mwk5b4xpfmm5.wav,tatu
id_jb7u1xdatwa4.wav,nne
id_5ko1fllrs0fr.wav,tano
id_76btewrp7l5p.wav,moja
id_11zmo0d4aw2g.wav,tatu
id_mljjb5fvar0t.wav,moja
id_zrke864qaqoy.wav,tatu
id_p5vb0zpateyu.wav,nane
id_c6kwfo9ll39r.wav,mbili
id_qbkjs5jaji4s.wav,ndio
id_rsvwrgx6lcb6.wav,moja
id_vely75enbkc2.wav,tano
id_mxzyh3l56qs0.wav,nane
id_kh70vqs8jxo5.wav,saba
id_s7n6b45986zb.wav,nne
id_5mfo78ikelk7.wav,tano
id_u4mhsn66okrk.wav,kumi
id_z757b81ys2hn.wav,saba
id_ir2a4c48dytv.wav,nane
id_pxms69ats3ff.wav,saba
id_t8o7gfkclnlo.wav,tisa
id_5m2yibfhn7ss.wav,nane
id_dkx40zcxwf33.wav,saba
id_74k4b2h66tms.wav,saba
id_ylweythnc8xi.wav,nne
id_64t9bbodqif3.wav,nne
id_vhgy8w3uceeq.wav,moja
id_1pkxdu6vecda.wav,ndio
id_vid07p1r3n3b.wav,nane
id_m4h70hpvqkae.wav,nne
id_epor36n7bdh3.wav,mbili
id_dyck5493haas.wav,saba
id_h4v4dpiy7l4y.wav,tano
id_sdmmoy0lo2r6.wav,ndio
id_cw0zwcnsoftg.wav,mbili
id_v5xwsh9nmhn3.wav,sita
id_4nn0ijj9up0r.wav,tatu
id_amitsets343k.wav,kumi
id_9ak07reekdi3.wav,nne
id_qt4n88i1um33.wav,nne
id_hdbai2wdkrdw.wav,hapana
id_fxl4og7ptjod.wav,tatu
id_07ppov73yl2q.wav,sita
id_a55sm8i3xinu.wav,mbili
id_rmdm5j2kienf.wav,ndio
id_7yq99yz8tc3u.wav,mbili
id_px2ztm1zqb0h.wav,ndio
id_q25kg7tdgd6h.wav,tano
id_zf3zp667phpo.wav,saba
id_8axwwjj8jfl3.wav,nane
id_zaax3uv4292f.wav,hapana
id_frsxid5gjsb8.wav,moja
id_orbg7n1flnkt.wav,hapana
id_aljl02x08d0h.wav,tisa
id_u2ngp2f94ssc.wav,mbili
id_er9s20bsjg34.wav,sita
id_q3nrqe7jhjyx.wav,sita
id_arpzxwhl3714.wav,tisa
id_5ui2niq5yll9.wav,tisa
id_b0090s60q5mo.wav,nane
id_2hc592b81qap.wav,saba
id_ea88by7h1ri9.wav,tano
id_m4yhk99zpkip.wav,kumi
id_akrt06xniwwt.wav,nne
id_xs89y9axegw2.wav,kumi
id_ynada2n1kspe.wav,nne
id_gjlvxjnawqpy.wav,nane
id_o5lzo8ncu7rh.wav,moja
id_jmd85tj1tfdo.wav,kumi
id_qnf38q1ang7o.wav,nne
id_79tto8fjfwiw.wav,sita
id_idsj0gubpvyr.wav,tisa
id_399n3njaduqv.wav,moja
id_5prc3lwxgzl1.wav,nane
id_ngxzr6iphsxm.wav,tano
id_uj7x4wwjcoe5.wav,saba
id_yqedtsvm6rj9.wav,hapana
id_4aozzgfhs6og.wav,hapana
id_xrjhw4ixl9ux.wav,hapana
id_1ij74vcnen10.wav,kumi
id_a0b8t62walsy.wav,saba
id_xdj1emjyd65v.wav,kumi
id_a7j8s6x5y9o1.wav,sita
id_lojj33t5aqfj.wav,ndio
id_ctcdcixhf4nl.wav,tisa
id_rlb6qeqtobq3.wav,tisa
id_b5ez857boyhx.wav,nne
id_7sqz1ssggfgc.wav,nne
id_nz0f4r22knyc.wav,mbili
id_uh8wrfd6an09.wav,kumi
id_8c3z26adlmsq.wav,nane
id_jo8wl47wss2k.wav,moja
id_9av7kxwofkic.wav,kumi
id_s1rtusftdneh.wav,hapana
id_5kozr25crq9w.wav,hapana
id_4huet176wevp.wav,tano
id_i9omy4ouobmr.wav,ndio
id_2aoxj1d8wvqw.wav,sita
id_767106k9h94j.wav,moja
id_j0lpay3n0mlv.wav,saba
id_g6hsdfwl8kga.wav,tano
id_hd3lumujpdpd.wav,ndio
id_idydxrpcbqgz.wav,moja
id_rdfw0uf5gpdm.wav,nne
id_g9i17jyb5x53.wav,moja
id_3p4b7mcsyovz.wav,hapana
id_14a888rxubfn.wav,sita
id_g7dbo1ck5lur.wav,tisa
id_ku7c3ou8a6cb.wav,sita
id_05s8qatxqcps.wav,hapana
id_prc1roplyctc.wav,tatu
id_2wknh4vuposk.wav,sita
id_c70hyu9apoag.wav,tatu
id_0plej5f4lbcg.wav,tisa
id_vy1i8brgjw3o.wav,mbili
id_j9spcvqf7sn2.wav,moja
id_gvdolfou4xhp.wav,tatu
id_rirgxj6qi733.wav,kumi
id_zlfcanji96h7.wav,tano
id_7suuhahiad8e.wav,ndio
id_i7b3yx89edij.wav,kumi
id_lduvyw6ck4ea.wav,tano
id_q4rwb6udjhj2.wav,mbili
id_xjggoacrog77.wav,tisa
id_pglcrdaf3m07.wav,tano
id_zrexdynyesaw.wav,moja
id_zsy4euj6cage.wav,saba
id_lrduy4kd0l9m.wav,tisa
id_m0qlwegzlw4f.wav,mbili
id_3rrcfnee8j5k.wav,hapana
id_sjs8y8ck7fpa.wav,tano
id_t68f3zo98m7z.wav,nne
id_lmhc9qnp4llj.wav,nne
id_ughsq2qhi6b1.wav,saba
id_1pt4ceg6frfw.wav,tisa
id_ibvuxstppqpx.wav,moja
id_n1nd14u7u848.wav,moja
id_5i7hzoouny3f.wav,saba
id_6090xr24pzrl.wav,nane
id_1i067ck161fg.wav,tano
id_tqioixaz6zap.wav,saba
id_ij4ykjf2lu6z.wav,hapana
id_iatzadf2xl3h.wav,ndio
id_gc1gsrlo0m5w.wav,mbili
id_w4rcv3550arz.wav,hapana
id_114ti264bsme.wav,ndio
id_ue9g7804ztlw.wav,tatu
id_0209jfho3h3c.wav,tisa
id_niumeh5x3fcz.wav,saba
id_hvdq6hy01dfp.wav,saba
id_mpllng5tdj7q.wav,tano
id_e6ry5490ucu6.wav,kumi
id_3c93skhlwx4r.wav,nane
id_xmicfkcwsx3y.wav,saba
id_f4itqyv6ztb3.wav,nane
id_iihfba01m6c4.wav,mbili
id_9sm2j7k0cqv2.wav,tano
id_634gu2bx6dx7.wav,nne
id_2m4vb3toz6oy.wav,mbili
id_o2d2ykoyq88l.wav,tano
id_cbhrhkedajb0.wav,ndio
id_1zkeysfsoncf.wav,nane
id_h03z2rj1k2ti.wav,moja
id_pwexletl4g7y.wav,sita
id_0lurju3a5cuo.wav,saba
id_6gpltzvgxm3h.wav,nne
id_ifdbnlzhtzqo.wav,tisa
id_p21c4arem1k4.wav,sita
id_3s0lrjmjxcz6.wav,hapana
id_zsw6dt03c4oy.wav,saba
id_phfkrqfvd2va.wav,hapana
id_qa3bdn0hl4au.wav,tisa
id_o8gqo553qcr7.wav,hapana
id_ppmuayh78q4r.wav,saba
id_k52jtroaa8cx.wav,tano
id_bkbq9rsmuq8j.wav,saba
id_t5ns7s8gocv1.wav,mbili
id_6imavdniztys.wav,hapana
id_54ryxrykpgmk.wav,sita
id_0fh08ayr6x92.wav,mbili
id_zdy9iw7f5c6t.wav,tano
id_olbt6h56jhrd.wav,tatu
id_9a8av82hzwt5.wav,tano
id_6o4gyb9ybzrp.wav,hapana
id_vk7rcglyfm35.wav,mbili
id_fqk0h15nlb40.wav,sita
id_5wt0vrzlrwgh.wav,mbili
id_myu1h7kpqmr5.wav,tano
id_fgtxguvptih7.wav,saba
id_nnwkroqumwrc.wav,tano
id_1ztxm5ucc5hg.wav,tatu
id_bvwygbnjfpqk.wav,tatu
id_qp2exgpeewvo.wav,hapana
id_5y0elsyvrb1y.wav,tisa
id_eiwivdxt39jd.wav,kumi
id_ftem57sjc89t.wav,tatu
id_ln6f7kkqi1ph.wav,ndio
id_dnwj0h38577y.wav,sita
id_9bbz7alxy9wb.wav,mbili
id_nzgf25xd4cy8.wav,hapana
id_nz096zt4us7t.wav,moja
id_3lhkgf9dqr4c.wav,kumi
id_vf4w9creqbrm.wav,moja
id_3oz0vfuf7xw6.wav,mbili
id_gmx8tkpiumij.wav,kumi
id_olwvq70pc4gw.wav,mbili
id_3mnqaj2ux725.wav,nane
id_a2zkgtgmao8f.wav,ndio
id_u4fwyx3l8010.wav,tatu
id_lpxte4vh977s.wav,tisa
id_w88o3s1h3t8w.wav,tano
id_5qkh1q6nvexh.wav,nne
id_gkzjupd1gsr7.wav,mbili
id_nmityofqhi3n.wav,saba
id_xj5mat84juyh.wav,nane
id_oiqvisx2vorl.wav,sita
id_ny179ruihwtb.wav,nane
id_cd8cgm64i4z4.wav,ndio
id_x7pkadmez53t.wav,tisa
id_kpbmq5sg0jp0.wav,sita
id_e2fxgexd97xy.wav,tatu
id_jdftla65eogw.wav,saba
id_ilkmfbcv2rq6.wav,kumi
id_xr9apuvtb35i.wav,tano
id_0adsbalxnhp2.wav,mbili
id_icma48soboev.wav,saba
id_4j3e8cswgk3w.wav,hapana
id_mxd8e0qaffwf.wav,tisa
id_ng6ypw5ey2yy.wav,nane
id_r9lsj1i4qk7n.wav,tisa
id_l1zr6f6repht.wav,tisa
id_yogqeztnbkld.wav,tisa
id_bhrr2rp2xep9.wav,kumi
id_v6bdbupic4sa.wav,ndio
id_9lwqho2wr3v5.wav,ndio
id_mikph0xgpq7e.wav,hapana
id_9al9p94omqq1.wav,sita
id_dsz0cj011114.wav,moja
id_j7obvau6r5lc.wav,tisa
id_e0zjft3pbce2.wav,moja
id_xkm0zav0dwxh.wav,hapana
id_3ly3rgl0hkel.wav,ndio
id_srqxr3dsnexg.wav,tatu
id_ltunajhgq8zt.wav,hapana
id_njasco7rx7m8.wav,hapana
id_6ivjnyhwrhvg.wav,hapana
id_g3ur6kbf4u3o.wav,tisa
id_3sq66j3fuo4l.wav,hapana
id_v9qot8npf1hr.wav,nne
id_rsf7nlh1xnq3.wav,ndio
id_grz7vwra2oh2.wav,tisa
id_wesg73e90shx.wav,saba
id_f3we2hleis4b.wav,kumi
id_no8u2tvobi1m.wav,nane
id_jx7mbvyds5pm.wav,tano
id_fsmbvj2a9li0.wav,saba
id_sx9c63jaui0k.wav,tano
id_qr3s66u459b9.wav,tano
id_j4u9jxt3qows.wav,hapana
id_svr4u969sv4s.wav,tisa
id_c71ebac7m7b2.wav,nne
id_lkqjkdrv4t2g.wav,tano
id_59s6kxdzbxcw.wav,nne
id_y9f2c398543q.wav,kumi
id_0zmmsigc8qay.wav,sita
id_33xt09xh6sn5.wav,hapana
id_dav1mwm5d382.wav,tano
id_zj21n1bb8z2a.wav,tano
id_tj4g0fqiu2c8.wav,ndio
id_gh31vxgncxgs.wav,saba
id_yw98ixv6h17e.wav,mbili
id_hbjvmj0cdpob.wav,hapana
id_7rwtj7s4zl7v.wav,sita
id_t8ey9zv3pa4f.wav,tisa
id_sn4rzxvo7kbx.wav,mbili
id_nb4bvwqu32f6.wav,mbili
id_vau0wkebslsc.wav,tatu
id_tyiiy8q1d9n7.wav,tano
id_sapxs2qc6pm5.wav,mbili
id_otzzy6j70pof.wav,mbili
id_j6i8e20mrdad.wav,kumi
id_r09h8q2w6pup.wav,moja
id_64obgqr6qss6.wav,tisa
id_0itjjnswiixc.wav,tisa
id_jlg45p65eems.wav,tatu
id_mpv7dgpnejfe.wav,mbili
id_g6ui4xctk8hu.wav,kumi
id_vr4lnksn9gep.wav,kumi
id_zayrunyhdyn4.wav,mbili
id_j4ep3uymicbg.wav,ndio
id_90e66gxmks82.wav,nane
id_x9oxwwxkb96i.wav,saba
id_9fcqw2gfolqw.wav,nne
id_q71c9xumgucq.wav,mbili
id_3gopniagk4ms.wav,tisa
id_6w23l98c6r70.wav,tisa
id_rmt3z39kqt2a.wav,nne
id_k07b4nf1idae.wav,ndio
id_c52t02j4lqgm.wav,tatu
id_vc6kbety3bjt.wav,tisa
id_i2m6jf1xtwol.wav,tatu
id_mn67jkfzp4yh.wav,sita
id_b5xxavk54wvk.wav,tatu
id_i9trh96vpuwj.wav,hapana
id_a72xaeqdggbp.wav,tano
id_4pu66fizcyax.wav,tatu
id_cvlpyf4xfmkz.wav,tatu
id_z5idkrwyr29q.wav,tisa
id_c8577dgo3x1z.wav,tatu
id_7d33xzzvd9ml.wav,sita
id_lobeorpo1d2o.wav,nane
id_6bhvp8yjes2q.wav,hapana
id_cr1sanzd3hfy.wav,ndio
id_y2srjhqtou6c.wav,sita
id_05okk5z91k29.wav,kumi
id_r5qb1ao6cpzb.wav,nane
id_uht0pv4wmeq5.wav,sita
id_s6cm9xfaxt1v.wav,mbili
id_uly4rk9xqb1b.wav,nne
id_wbha58xz7c3c.wav,mbili
id_v18edoedvr25.wav,tatu
id_zz1foovk32zg.wav,saba
id_aaowqeym43w2.wav,ndio
id_2hbi2ir8bed1.wav,saba
id_qlqkj5dhp9eq.wav,sita
id_57qq31tiel2m.wav,sita
id_wlqjfqzlc7jk.wav,saba
id_gwbud7tglcla.wav,tisa
id_us0uoqhr84f9.wav,kumi
id_5dyvyhupwyil.wav,nne
id_dlm39v4g4ffn.wav,moja
id_bqmj9uwsjutm.wav,tano
id_c05et01nrbao.wav,tano
id_qkobkik9qrzq.wav,sita
id_busyekledsq4.wav,hapana
id_l5k5b7lorja6.wav,nane
id_tklp027cg45a.wav,tisa
id_9qzp3nund7u2.wav,moja
id_9fh4blwgddx8.wav,moja
id_73xl9aes0rgo.wav,nne
id_pp4ttrnkdkgf.wav,tano
id_r3gbwz4mxiy9.wav,tatu
id_pi5c6xbrm8gf.wav,tatu
id_xdmrc926jjzo.wav,hapana
id_enrkelzb1agh.wav,sita
id_vfjmaux1unfj.wav,tisa
id_klpvhcq4438c.wav,sita
id_jn38bc9wftor.wav,mbili
id_faok7enuu1ne.wav,moja
id_qjom5yjc5lv8.wav,nane
id_6ybt2whk30bw.wav,tisa
id_k87n1732iu56.wav,nne
id_3k3kl3r96mou.wav,hapana
id_9la5u1m1chsr.wav,saba
id_mzgeu8maaaih.wav,moja
id_c0r9a35792to.wav,moja
id_brwf24pwgl9f.wav,sita
id_s7s3e18pyphh.wav,moja
id_otnyptopsdiw.wav,moja
id_2pkkuc9wjxx1.wav,hapana
id_my7w7efc4eiz.wav,kumi
id_pl4olos7kpgj.wav,ndio
id_9trvhzl4pgtl.wav,nane
id_gcxevd7mkmyk.wav,tatu
id_de8vpt1smqkr.wav,hapana
id_gxac79scauyh.wav,sita
id_zcn6n6b4j6t7.wav,ndio
id_icv7dc1m2lrs.wav,nne
id_mwbzcltd42po.wav,nne
id_5nyf2ux6j4t5.wav,tatu
id_21vze1ny7etu.wav,mbili
id_pngamjz9e3ke.wav,sita
id_o5ps9a0gbeaa.wav,moja
id_vp98dmnic44b.wav,nane
id_9276znj8ldma.wav,sita
id_56coxbl871c0.wav,kumi
id_smn1yoglyvhz.wav,kumi
id_8jwehme77800.wav,mbili
id_dkjcji4ofxp6.wav,saba
id_wlgp1iwxdqah.wav,mbili
id_5ir89fokml4w.wav,tatu
id_x1at41lbsfe1.wav,saba
id_j1ds1oh516ff.wav,ndio
id_7pgrxoubihpi.wav,kumi
id_qcht2vd1mc75.wav,kumi
id_d4xfpn6axao4.wav,tatu
id_so1c9vym5lo2.wav,tisa
id_i9k0a3o4w7db.wav,kumi
id_3xhdq222r507.wav,mbili
id_nkdzdhkud9tr.wav,mbili
id_sge0guasg3q3.wav,saba
id_izn1krl8uf63.wav,mbili
id_lyglgngppfk5.wav,saba
id_j6lakqgqa6r2.wav,nane
id_94hkg1n8q9ys.wav,moja
id_3daxnv0sox8u.wav,sita
id_xor6zrapgca9.wav,tano
id_ojou06d0zosy.wav,tatu
id_w1ynpw586mjj.wav,tatu
id_p1f54zu5mnga.wav,tano
id_tos5mfzs0el5.wav,nane
id_5rgtd8djrdjf.wav,kumi
id_n66o1vbwtm4o.wav,tatu
id_elyf5s47mwml.wav,nne
id_1y45241c0xdg.wav,ndio
id_998drlacm150.wav,nne
id_uiqhmh1pv8ik.wav,nne
id_pk54wchc7mk7.wav,ndio
id_ixvuyrjedz0p.wav,nne
id_it2qqayqa7ic.wav,kumi
id_qg33rgusly8w.wav,nne
id_2g1b9imw4uwr.wav,kumi
id_y9kg3r1ph6vl.wav,nane
id_3fz0wezf35yu.wav,ndio
id_iavnk56925o1.wav,moja
id_j3s83zi70oht.wav,hapana
id_7yoeziq1rp1o.wav,tano
id_c3jqk60v84jb.wav,tano
id_bhug3onllgti.wav,moja
id_b2x765r7ybf5.wav,moja
id_pe9t8thefxbf.wav,tano
id_ewep8eeci0t3.wav,hapana
id_xhe0zysz6ctj.wav,ndio
id_796790yhcbsf.wav,sita
id_6j8ocos8wr2v.wav,tisa
id_tjgfktz61l8h.wav,nne
id_7oywkfu3rls4.wav,nane
id_4rj5wq4v206t.wav,nane
id_wgwri94sgyy1.wav,ndio
id_jy8t0gqkbsdr.wav,nne
id_8y6fgf8mqo4r.wav,nane
id_4bw97g4jnt2r.wav,hapana
id_rccn48xbdm4t.wav,tisa
id_4izq1cxeamkh.wav,kumi
id_7mnr01di9okg.wav,sita
id_wco8qwdflw2y.wav,nne
id_e41hkkvfrd1u.wav,tano
id_64kk8s8b9uix.wav,tano
id_p6lityojcczr.wav,nane
id_tc73jphd6nx7.wav,tano
id_c2nyjorbv6i6.wav,hapana
id_snt2jkd6nl4q.wav,moja
id_9cyou9zspfz0.wav,tisa
id_2hb172lvpp6t.wav,tisa
id_zg5r8d3w0vls.wav,tano
id_79f6o7fw3qg6.wav,mbili
id_0kqntv93ikec.wav,kumi
id_x94g6dvzz2y8.wav,ndio
id_f0tw2c8p74r3.wav,ndio
id_4jqzz1ekh1b9.wav,saba
id_zgq92vqafnnd.wav,mbili
id_xjqhwid1hgjz.wav,sita
id_wez0d5p7o7nw.wav,saba
id_9c9eelh4037f.wav,kumi
id_s1vdv2k7pzec.wav,moja
id_rv49f04idek5.wav,tisa
id_5dw3ztj4spqg.wav,nane
id_b0xkuhn8557f.wav,hapana
id_x9r3i4q1ifx3.wav,tano
id_06poxcfxishj.wav,mbili
id_0knj7xl1b47j.wav,sita
id_mumde96dnvts.wav,saba
id_d8ns9mvfmets.wav,hapana
id_e7wjk4tjr06l.wav,moja
id_issqtkgf50tl.wav,nane
id_09yb6k6xebk5.wav,nane
id_7smx4xwqrwhy.wav,kumi
id_n6vrd3lm3noi.wav,nne
id_ev8w65m741vk.wav,kumi
id_rcfe9n4m6eqb.wav,sita
id_eocs2nc026xo.wav,hapana
id_2cknvcbcdkii.wav,tatu
id_sh5mqnmifto1.wav,mbili
id_wjnh92p5i5a4.wav,saba
id_062gn6is0bgm.wav,ndio
id_u89ydp3i4jw4.wav,tisa
id_ry77kts8apn8.wav,mbili
id_4jsf9oobwkew.wav,moja
id_q2drmnfcncwr.wav,tano
id_7ez4fyhevewi.wav,sita
id_xncvo0g3ocv3.wav,nane
id_28n2eg9p3ed9.wav,tatu
id_gu09mvqnzv18.wav,nane
id_gzig52ijr4yy.wav,kumi
id_3pdbw37oyxo6.wav,tano
id_02yh4h2au53z.wav,tatu
id_e6zny2bnoclv.wav,nane
id_8optasrl7z39.wav,hapana
id_mwk9grio9q1i.wav,ndio
id_czwf1qyxy71g.wav,moja
id_svq0y3f26n4c.wav,mbili
id_e1g9u2cb1kdk.wav,kumi
id_4vmcphj7wzsx.wav,hapana
id_olcpgeoj3c2r.wav,ndio
id_ei6057zwyga5.wav,saba
id_ge8vvpceb4e1.wav,nane
id_dsfplbpe1rki.wav,tisa
id_bo3q87mwjvo5.wav,ndio
id_zvtg1u5dtpuc.wav,tano
id_yrcl5gq18chk.wav,mbili
id_rvxj30vyd4ve.wav,kumi
id_92fc5499d0yi.wav,sita
id_vof3tq73pgg0.wav,moja
id_i4gphn9vcdp7.wav,tatu
id_1qvgwc967jfk.wav,sita
