heard_ms,word,accuracy
100,all words,0.2396825396825397
100,hapana,0.0
100,kumi,0.09615384615384616
100,mbili,0.03773584905660377
100,moja,0.0
100,nane,0.5384615384615384
100,ndio,0.0
100,nne,0.5384615384615384
100,saba,0.5576923076923077
100,sita,0.2641509433962264
100,tano,0.7169811320754716
100,tatu,0.1320754716981132
100,tisa,0.0
200,all words,0.43492063492063493
200,hapana,0.018867924528301886
200,kumi,0.36538461538461536
200,mbili,0.5849056603773585
200,moja,0.0
200,nane,0.8461538461538461
200,ndio,0.0
200,nne,0.7115384615384616
200,saba,0.8076923076923077
200,sita,0.6037735849056604
200,tano,0.7924528301886793
200,tatu,0.07547169811320754
200,tisa,0.4230769230769231
300,all words,0.5761904761904761
300,hapana,0.1509433962264151
300,kumi,0.75
300,mbili,0.7924528301886793
300,moja,0.038461538461538464
300,nane,0.8653846153846154
300,ndio,0.1509433962264151
300,nne,0.75
300,saba,0.8269230769230769
300,sita,0.7169811320754716
300,tano,0.8867924528301887
300,tatu,0.32075471698113206
300,tisa,0.6730769230769231
400,all words,0.7206349206349206
400,hapana,0.39622641509433965
400,kumi,0.8076923076923077
400,mbili,0.8301886792452831
400,moja,0.40384615384615385
400,nane,0.8846153846153846
400,ndio,0.5283018867924528
400,nne,0.75
400,saba,0.9230769230769231
400,sita,0.7735849056603774
400,tano,0.8490566037735849
400,tatu,0.7924528301886793
400,tisa,0.7115384615384616
500,all words,0.8015873015873016
500,hapana,0.6981132075471698
500,kumi,0.8653846153846154
500,mbili,0.8679245283018868
500,moja,0.6538461538461539
500,nane,0.8653846153846154
500,ndio,0.7169811320754716
500,nne,0.75
500,saba,0.9230769230769231
500,sita,0.7735849056603774
500,tano,0.8679245283018868
500,tatu,0.8490566037735849
500,tisa,0.7884615384615384
600,all words,0.8412698412698413
600,hapana,0.7547169811320755
600,kumi,0.8846153846153846
600,mbili,0.8679245283018868
600,moja,0.8076923076923077
600,nane,0.9038461538461539
600,ndio,0.7924528301886793
600,nne,0.8076923076923077
600,saba,0.9230769230769231
600,sita,0.8113207547169812
600,tano,0.8679245283018868
600,tatu,0.8679245283018868
600,tisa,0.8076923076923077
800,all words,0.8825396825396825
800,hapana,0.8867924528301887
800,kumi,0.9423076923076923
800,mbili,0.8679245283018868
800,moja,0.9038461538461539
800,nane,0.9230769230769231
800,ndio,0.8301886792452831
800,nne,0.8461538461538461
800,saba,0.9423076923076923
800,sita,0.8490566037735849
800,tano,0.8490566037735849
800,tatu,0.8867924528301887
800,tisa,0.8653846153846154
full,all words,0.9365079365079365
full,hapana,0.9433962264150944
full,kumi,0.9807692307692307
full,mbili,0.9056603773584906
full,moja,0.9423076923076923
full,nane,0.9423076923076923
full,ndio,0.9245283018867925
full,nne,0.9038461538461539
full,saba,0.9615384615384616
full,sita,0.9245283018867925
full,tano,0.9056603773584906
full,tatu,0.9811320754716981
full,tisa,0.9230769230769231
