epoch,train_loss,val_loss,val_acc,val_macro_f1,lr,seconds
1,2.6095187403465228,2.49265456199646,0.08412698412698413,0.012952101661779082,0.00018353072329304828,1.1648015975952148
2,2.558792790428537,2.4337878227233887,0.12063492063492064,0.07073189473335613,0.0005282851076345864,1.0872693061828613
3,2.380691120533344,2.093369722366333,0.2507936507936508,0.17962876744149936,0.0008680846274288206,1.1597239971160889
4,2.1247441182371047,1.6173537969589233,0.4634920634920635,0.4173354214300815,0.0009999964010416365,1.0630033016204834
5,1.826082539688694,1.3457820415496826,0.5190476190476191,0.47234823021033306,0.0009979284295520807,1.0774917602539062
6,1.5546909603264814,1.0279146432876587,0.7174603174603175,0.71827457628545,0.0009920709372774348,1.0984141826629639
7,1.3188364766334575,0.7724000215530396,0.8031746031746032,0.7963285486872431,0.0009824685032707601,1.0640738010406494
8,1.1650786699493074,0.6630155444145203,0.8428571428571429,0.8461242459175748,0.0009691942078529548,1.066683292388916
9,1.043725526397997,0.4977767765522003,0.9015873015873016,0.9028460120832767,0.0009523490764273879,1.0769634246826172
10,0.9755559729748084,0.6630463600158691,0.8412698412698413,0.8402955656339093,0.000932061310615576,1.1099307537078857
11,0.9406653922763678,0.6033619046211243,0.8222222222222222,0.8344539862954962,0.0009084853125654348,1.0698819160461426
12,0.8999966643547099,0.42904314398765564,0.9063492063492063,0.9060804689407949,0.0008818005098577031,1.186842918395996
13,0.849898433424736,0.3588259816169739,0.9111111111111111,0.9114556002408155,0.000852209989953711,1.0681495666503906
14,0.8298683948204165,0.3172546923160553,0.9428571428571428,0.9429375937614463,0.000819938954577172,1.069702386856079
15,0.825913348158852,0.3467332422733307,0.9301587301587302,0.9308448317387361,0.000785233005793086,1.0643155574798584
16,0.8067681994594511,0.33630040287971497,0.9365079365079365,0.9365890491727136,0.0007483562768277243,1.0499310493469238
17,0.7967086437621403,0.31019628047943115,0.9333333333333333,0.933902336988793,0.0007095894218552912,1.0668623447418213
18,0.7767360164819519,0.2525445222854614,0.953968253968254,0.9539475905539229,0.000669227480050194,1.0543701648712158
19,0.7603265815745286,0.2821064591407776,0.9507936507936507,0.951214593688249,0.0006275776301607761,1.0597858428955078
20,0.7507954790292541,0.2457391619682312,0.9507936507936507,0.9510385468139138,0.0005849568526935632,1.071495532989502
21,0.7303086861235196,0.30746033787727356,0.9380952380952381,0.9383350809410879,0.0005416895175002096,1.1267130374908447
22,0.718983881460513,0.26619186997413635,0.9523809523809523,0.9523013106822077,0.0004981049151270684,1.1465883255004883
23,0.7424424144088245,0.23053078353405,0.9603174603174603,0.9603752618333163,0.00045453475071530116,1.1119050979614258
24,0.7154805601620283,0.25060200691223145,0.9634920634920635,0.96359494663744,0.0004113106195244662,1.0788962841033936
25,0.7102040821085862,0.22098395228385925,0.9619047619047619,0.9620949733519221,0.0003687614832923698,1.100942611694336
26,0.7017668192503882,0.21427394449710846,0.9571428571428572,0.9574467604034042,0.00032721116663760903,1.1089556217193604
27,0.7004035144555764,0.23425348103046417,0.9603174603174603,0.9602639883684875,0.0002869758925586942,1.0700888633728027
28,0.6779492969721392,0.22307850420475006,0.9650793650793651,0.9651436656434473,0.00024836187578608775,1.083475112915039
29,0.6750879681826941,0.2266049087047577,0.9571428571428572,0.9571722598485151,0.00021166299230321068,1.1225066184997559
30,0.6828080344069851,0.2336764633655548,0.9571428571428572,0.9571835936323773,0.00017715854277275923,1.2000668048858643
31,0.676003520605994,0.22832566499710083,0.9603174603174603,0.9605902118800366,0.00014511112689001622,1.0789985656738281
