id,window transcript,full-clip word,full-clip match
id_3kz5c76ij12f.wav,ndio,,
id_qgi3xste6ghf.wav,nane,nane,close spelling
id_ia0kt650dh36.wav,mbili,mbili,close spelling
id_6arofv0ed8mt.wav,moja,,
id_t4xbvwqx3qdu.wav,sita,,
id_pn209e2s47tj.wav,kumi,kumi,exact
id_fxf1va9pckl6.wav,moja,moja,exact
id_41cthw41sj0v.wav,biili,,
id_xj8f46q9vgwu.wav,tatu,,
id_kw8c7duv0sdz.wav,maaa mbriali a a a,mbili,exact
id_2d1mvwyf8xow.wav,matisammmma,tisa,exact
id_dcp33feobjf6.wav,nane,nane,inside a token
id_r8eyxt0o34dz.wav,nane,nane,inside a token
id_5rt2ny1fbe4l.wav,tisa,,
id_uytqysvlihux.wav,komi,,
id_4x7u0i132hsy.wav,hapana,hapana,exact
id_2hzcwnuz998g.wav,mataa ataka a,tatu,close spelling
id_0gap2cnvxldz.wav,ma ka ma pa a ka a,hapana,close spelling
id_ewsdcy9m4ihe.wav,tisa,,
id_w5y5kqevftf0.wav,aaianaiaaa,,
id_v7xteji6zaqq.wav,ma haapa ana a,hapana,inside a token
id_f3d68zynnpcj.wav,mbilli,,
id_xp89pwxj17yh.wav,kumi kumi,kumi,exact
id_42lrgbcw4b6z.wav,ine,,
id_ypicpq5bl8yq.wav,ma taa a anaa a,,
id_d946zd75oix7.wav,naanne,,
id_jnfwif96wx9p.wav,tisa,,
id_r3od1ae1xnyw.wav,tano,tano,close spelling
id_4fp88jjoe6w6.wav,bili,,
id_f122ze0ts1cd.wav,naane,nane,exact
id_9jdwrw7u14nk.wav,hapana,hapana,inside a token
id_6n5o9fyjrcc0.wav,sagba,,
id_jeh9d7tge2zf.wav,ndiya,,
id_ysa6wp87sayt.wav,kumi,,
id_p9lutnif3fz8.wav,mana tiknina n ia naia,,
id_u201xgh6wl65.wav,tiisa,,
id_uxz0zjj69hy5.wav,tano,tano,exact
id_3wk9p7uby5yy.wav,ndio,ndio,close spelling
id_qxytmbyg50t0.wav,ma kirina kian a akana,,
id_st6776aatgol.wav,maaa taa tu a,tatu,close spelling
id_vflzr58se3n7.wav,nne,,
id_6h7hslslhz6a.wav,sita,sita,close spelling
id_4egl7kxvhe2m.wav,hapana,hapana,inside a token
id_83u0k9aadjrt.wav,maaaaaaa taano    aa,,
id_g5wlx0re0k3g.wav,saba,saba,exact
id_okjcdazrxt1m.wav,tatu,tatu,close spelling
id_ckdx4qyac694.wav,ma maaraja kr a,moja,close spelling
id_pqfotax90ao0.wav,nne,,
id_2026cz7qe8rt.wav,kakara kamakia aka,kumi,inside a token
id_v4t4tamrpx8u.wav,nne,,
id_xlzq4q0eebpw.wav,manaka sa a a ba a,,
id_kv9i7cott9yv.wav,ma kara naikiaka kakaka,,
id_jv2ramr884vx.wav,saba,saba,inside a token
id_k5kbwx3q24wx.wav,ta tu,,
id_gnyibp2q6ifk.wav,saaba,saba,inside a token
id_6eo1yxcezu5y.wav,modja,moja,close spelling
id_e2ww8ffnbj6r.wav,maja,,
id_57erwnaniilp.wav,sita,,
id_2cheerkplmrs.wav,sita,,
id_6ybpvd3cf47b.wav,sita,,
id_shwwu8vp7frb.wav,aakusi e anda a,,
id_92pd0g53n3c9.wav,maaaaatisa aaaa,,
id_zm5lgpm8oe4j.wav,noo,hapana,English
id_vbda8x3lzr2k.wav,pape pipzicya,,
id_tzzh4jowrytj.wav,maaaiiti iaiaiaiaka,,
id_nmjpl6ibm3ps.wav,mananan an anan nan n nian nia n ian ana,,
id_20w1gxv3xqja.wav,mananan nian nan nan ni n n ina ana iniananiana,tano,exact
id_o9o4n4o8cohs.wav,panga viombo,,
id_s6tzfyrrdji4.wav,manakikanankaiaiaizizaizizazazazan,,
id_toljkyjcpo2g.wav,ma pa nitpa,,
id_v7wh07s88fzy.wav,no,hapana,English
id_1a8vrokrnq9z.wav,mapapapa pipaea,,
id_tuptx3hjv00w.wav,mapapa pai pi piiaa,moja,exact
id_e8ul9vf9y9p9.wav,ma kaka a ka a a a a maka ka ka,,
id_5degcjdtdfwz.wav,palelea mahindi,,
id_31m65hpbvm02.wav,nain,,
id_zlfye2qpp812.wav,ha pani pasi iataa,,
id_jcyyd4s6alr0.wav,mana amiana aia akianaiaiaikaiaiaia,,
id_sxudkv8dqdto.wav,manamha kianaiana mianzaza izaza azazazhazaza,,
id_113b1nm7lrc4.wav,voa nguwa,,
id_mx5zxx8px3vo.wav,makara a a aia ma,,
