approach,fraction,clips per word,test log loss,test accuracy
A1,0.1,24.0,1.3161397634312038,0.580952380952381
A1,0.25,61.0,1.0380201968841578,0.6619047619047619
A1,0.5,122.0,0.8301976274306198,0.7285714285714285
A1,1.0,245.0,0.699718420344034,0.7952380952380952
A2,0.1,24.0,0.4285582667393674,0.8920634920634921
A2,0.25,61.0,0.2843769273910128,0.9301587301587302
A2,0.5,122.0,0.22122341489622466,0.9523809523809523
A2,1.0,245.0,0.18571566684105573,0.9650793650793651
A3,0.1,24.0,0.5933281010156424,0.834920634920635
A3,0.25,61.0,0.29804573108942,0.9333333333333333
A3,0.5,122.0,0.26149245273240423,0.9380952380952381
A3,1.0,245.0,0.16577239682696338,0.9619047619047619
A4,0.1,24.0,1.1886278930986536,0.6253968253968254
A4,0.25,61.0,0.2955905911846034,0.9174603174603174
A4,0.5,122.0,0.18091547764775728,0.9492063492063492
A4,1.0,245.0,0.10644821653883955,0.9698412698412698
A5,0.1,24.0,0.26343720194663967,0.9650793650793651
A5,0.25,61.0,0.12136695106834201,0.9777777777777777
A5,0.5,122.0,0.0774773650763296,0.9857142857142858
A5,1.0,245.0,0.09209735185142841,0.9809523809523809
