fraction,word,accuracy
0.25,all words,0.4936507936507937
0.25,hapana,0.6037735849056604
0.25,kumi,0.6730769230769231
0.25,mbili,0.4716981132075472
0.25,moja,0.5192307692307693
0.25,nane,0.5961538461538461
0.25,ndio,0.41509433962264153
0.25,nne,0.46153846153846156
0.25,saba,0.5769230769230769
0.25,sita,0.39622641509433965
0.25,tano,0.24528301886792453
0.25,tatu,0.39622641509433965
0.25,tisa,0.5769230769230769
0.5,all words,0.719047619047619
0.5,hapana,0.8113207547169812
0.5,kumi,0.8269230769230769
0.5,mbili,0.6792452830188679
0.5,moja,0.7884615384615384
0.5,nane,0.8269230769230769
0.5,ndio,0.5849056603773585
0.5,nne,0.6730769230769231
0.5,saba,0.7692307692307693
0.5,sita,0.7358490566037735
0.5,tano,0.6226415094339622
0.5,tatu,0.6226415094339622
0.5,tisa,0.6923076923076923
0.75,all words,0.7984126984126985
0.75,hapana,0.8490566037735849
0.75,kumi,0.9615384615384616
0.75,mbili,0.8490566037735849
0.75,moja,0.8269230769230769
0.75,nane,0.9230769230769231
0.75,ndio,0.8113207547169812
0.75,nne,0.6923076923076923
0.75,saba,0.8076923076923077
0.75,sita,0.7358490566037735
0.75,tano,0.660377358490566
0.75,tatu,0.7169811320754716
0.75,tisa,0.75
1.0,all words,0.7968253968253968
1.0,hapana,0.7924528301886793
1.0,kumi,0.9615384615384616
1.0,mbili,0.7735849056603774
1.0,moja,0.8076923076923077
1.0,nane,0.8846153846153846
1.0,ndio,0.8301886792452831
1.0,nne,0.6538461538461539
1.0,saba,0.8846153846153846
1.0,sita,0.7735849056603774
1.0,tano,0.6415094339622641
1.0,tatu,0.7547169811320755
1.0,tisa,0.8076923076923077
