split,id,true,A2,A3,A4,A5,automatic tags,heard_word,listener_tag,listener_notes,listener
test,id_shwwu8vp7frb.wav,moja,sita (87%),saba (95%),sita (60%),tisa (58%),"several utterances, speech at window edge",,,,
test,id_92pd0g53n3c9.wav,sita,tisa (99%),tisa (99%),tisa (100%),tisa (100%),"same confident wrong word, very quiet, several utterances",,,,
test,id_zm5lgpm8oe4j.wav,hapana,nane (86%),nne (80%),ndio (76%),ndio (75%),"low SNR, speech at window edge",,,,
test,id_vbda8x3lzr2k.wav,nne,hapana (19%),hapana (29%),mbili (21%),ndio (27%),"very quiet, several utterances",,,,
test,id_tzzh4jowrytj.wav,nane,tisa (78%),mbili (50%),mbili (75%),nne (65%),"low SNR, speech at window edge",,,,
test,id_nmjpl6ibm3ps.wav,tano,kumi (75%),hapana (35%),sita (17%),ndio (26%),—,,,,
test,id_20w1gxv3xqja.wav,tano,moja (23%),hapana (19%),moja (24%),ndio (36%),"several utterances, speech at window edge",,,,
test,id_o9o4n4o8cohs.wav,sita,hapana (67%),tatu (44%),hapana (80%),ndio (47%),speech at window edge,,,,
test,id_s6tzfyrrdji4.wav,nne,tatu (42%),saba (90%),saba (86%),saba (63%),—,,,,
test,id_toljkyjcpo2g.wav,nane,moja (36%),tisa (83%),moja (42%),ndio (96%),"very quiet, several utterances, speech at window edge",,,,
val,id_v7wh07s88fzy.wav,hapana,ndio (57%),nne (57%),ndio (78%),ndio (90%),—,,,,
val,id_1a8vrokrnq9z.wav,nne,hapana (53%),tatu (27%),tisa (25%),nane (98%),several utterances,,,,
val,id_tuptx3hjv00w.wav,moja,tatu (77%),hapana (27%),kumi (17%),mbili (23%),"very quiet, very short",,,,
val,id_e8ul9vf9y9p9.wav,sita,saba (52%),saba (59%),hapana (41%),moja (42%),"very quiet, several utterances",,,,
val,id_5degcjdtdfwz.wav,saba,hapana (67%),ndio (50%),ndio (56%),mbili (82%),"several utterances, speech at window edge",,,,
val,id_31m65hpbvm02.wav,tisa,nane (57%),nane (97%),nane (91%),nane (99%),"same confident wrong word, several utterances",,,,
val,id_zlfye2qpp812.wav,ndio,saba (23%),moja (80%),hapana (42%),tatu (43%),"very quiet, several utterances, speech at window edge",,,,
val,id_jcyyd4s6alr0.wav,moja,hapana (22%),hapana (24%),mbili (25%),ndio (22%),"very quiet, very short, several utterances",,,,
val,id_sxudkv8dqdto.wav,nne,tatu (32%),kumi (27%),kumi (95%),ndio (37%),"low SNR, very quiet, speech at window edge",,,,
val,id_113b1nm7lrc4.wav,tisa,kumi (40%),kumi (50%),moja (38%),kumi (66%),—,,,,
val,id_mx5zxx8px3vo.wav,nne,tano (44%),tano (92%),tano (100%),tano (95%),same confident wrong word,,,,
