exp_id,date,member,approach,round,config_file,seed,change_vs_previous,rationale,val_macro_f1,val_logloss,val_acc,test_macro_f1,test_logloss,test_acc,train_time_min,gpu,notes
A1-R0-01,2026-09-29 22:45,M1,A1,R0,notebooks/02_baselines.ipynb,42,"first A1 run: MFCC-13+Δ+ΔΔ statistics (156-d), centred 1.5 s window, RBF SVM",classic compact MFCC set; the order-agnostic reference point,0.7743,0.783,0.7746,,,,2.2702,cpu,"{""kind"": ""svm"", ""features"": {""feature"": ""mfcc_stats"", ""crop"": ""energy"", ""seconds"": 1.5, ""n_mfcc"": 13}, ""best_params"": {""C"": 10, ""gamma"": ""scale""}, ""cv_logloss"": 0.8015239728664818, ""n_features"": 156}"
A1-R0-02,2026-09-29 22:52,M1,A1,R0,notebooks/02_baselines.ipynb,42,MFCC-40 instead of MFCC-13 (480-d),"finer spectral detail may separate similar vowels (nne/nane, tatu/tano)",0.743,0.8801,0.7429,,,,6.729,cpu,"{""kind"": ""svm"", ""features"": {""feature"": ""mfcc_stats"", ""crop"": ""energy"", ""seconds"": 1.5}, ""best_params"": {""C"": 10, ""gamma"": 0.001}, ""cv_logloss"": 0.9207736521890112, ""n_features"": 480}"
A1-R0-03,2026-09-29 22:52,M1,A1,R0,notebooks/02_baselines.ipynb,42,multinomial logistic regression instead of the RBF SVM (same features),"if the clip statistics were linearly separable, a simpler model would do",0.7789,0.725,0.7794,,,,0.052,cpu,"{""kind"": ""logreg"", ""features"": {""feature"": ""mfcc_stats"", ""crop"": ""energy"", ""seconds"": 1.5, ""n_mfcc"": 13}, ""best_params"": {""C"": 0.1}, ""cv_logloss"": 0.7420045375823975, ""n_features"": 156}"
A1-R0-04,2026-09-29 22:52,M1,A1,R0,notebooks/02_baselines.ipynb,42,no crop: statistics over the whole clip (2-62 s),"tests whether the energy window helps, or whether the model copes with silence and noise",0.7348,0.8208,0.7349,,,,0.2584,cpu,"{""kind"": ""logreg"", ""features"": {""feature"": ""mfcc_stats"", ""crop"": ""none"", ""seconds"": null, ""n_mfcc"": 13}, ""best_params"": {""C"": 0.1}, ""cv_logloss"": 0.8598329782485962, ""n_features"": 156}"
A1-R0-05,2026-09-29 22:52,M1,A1,R0,notebooks/02_baselines.ipynb,42,silence trim (top_db 30) instead of the energy window,the other way of locating the word; trimmed clips keep noisy tails,0.7575,0.7895,0.7571,,,,0.2597,cpu,"{""kind"": ""logreg"", ""features"": {""feature"": ""mfcc_stats"", ""crop"": ""trim"", ""seconds"": null, ""n_mfcc"": 13}, ""best_params"": {""C"": 0.1}, ""cv_logloss"": 0.8507134199142456, ""n_features"": 156}"
A2-R0-01,2026-09-29 22:56,M1,A2,R0,notebooks/02_baselines.ipynb,42,"first A2 run: 5 states x 2 Gaussians, silence trim (top_db 30), global standardisation",classic left-to-right word HMM; the order-aware classical reference point,0.533,1.6495,0.5317,,,,3.3038,cpu,"{""features"": {""feature"": ""mfcc"", ""crop"": ""trim"", ""seconds"": null, ""n_mfcc"": 13}, ""cmvn"": false, ""n_states"": 5, ""n_mix"": 2, ""temperature"": 0.7554723998677341, ""median_frames"": 208.0}"
A2-R0-02,2026-09-29 22:59,M1,A2,R0,notebooks/02_baselines.ipynb,42,+ per-utterance CMVN,"~300 speakers on different phones: remove each clip's channel offset, as in classic ASR",0.7591,0.9313,0.7556,,,,3.5648,cpu,"{""features"": {""feature"": ""mfcc"", ""crop"": ""trim"", ""seconds"": null, ""n_mfcc"": 13}, ""cmvn"": true, ""n_states"": 5, ""n_mix"": 2, ""temperature"": 0.23878018465030215, ""median_frames"": 208.0}"
A2-R0-03,2026-09-29 23:03,M1,A2,R0,notebooks/02_baselines.ipynb,42,centred 1.5 s energy window instead of silence trim,trimmed sequences keep long noisy tails; a fixed window around the word removes them,0.9114,0.3804,0.9111,,,,3.4897,cpu,"{""features"": {""feature"": ""mfcc"", ""crop"": ""energy"", ""seconds"": 1.5, ""n_mfcc"": 13}, ""cmvn"": true, ""n_states"": 5, ""n_mix"": 2, ""temperature"": 0.32272521082831934, ""median_frames"": 151.0}"
A2-R0-04,2026-09-29 23:06,M1,A2,R0,notebooks/02_baselines.ipynb,42,stricter silence trim (top_db 20) instead of top_db 30,cut more of the noisy tails while keeping each word's natural length,0.8107,0.6124,0.8095,,,,3.0316,cpu,"{""features"": {""feature"": ""mfcc"", ""crop"": ""trim"", ""seconds"": null, ""n_mfcc"": 13, ""top_db"": 20}, ""cmvn"": true, ""n_states"": 5, ""n_mix"": 2, ""temperature"": 0.37042951711599664, ""median_frames"": 68.0}"
A2-R0-05,2026-09-29 23:07,M1,A2,R0,notebooks/02_baselines.ipynb,42,3 states x 1 Gaussians per state,grid over HMM capacity on the chosen preprocessing,0.4839,1.729,0.4746,,,,1.2678,cpu,"{""features"": {""feature"": ""mfcc"", ""crop"": ""energy"", ""seconds"": 1.5, ""n_mfcc"": 13}, ""cmvn"": true, ""n_states"": 3, ""n_mix"": 1, ""temperature"": 0.36527769266961396, ""median_frames"": 151.0}"
A2-R0-06,2026-09-29 23:09,M1,A2,R0,notebooks/02_baselines.ipynb,42,3 states x 2 Gaussians per state,grid over HMM capacity on the chosen preprocessing,0.811,0.7426,0.8095,,,,2.3317,cpu,"{""features"": {""feature"": ""mfcc"", ""crop"": ""energy"", ""seconds"": 1.5, ""n_mfcc"": 13}, ""cmvn"": true, ""n_states"": 3, ""n_mix"": 2, ""temperature"": 0.2661184811607992, ""median_frames"": 151.0}"
A2-R0-07,2026-09-29 23:12,M1,A2,R0,notebooks/02_baselines.ipynb,42,3 states x 4 Gaussians per state,grid over HMM capacity on the chosen preprocessing,0.896,0.4614,0.8937,,,,2.8579,cpu,"{""features"": {""feature"": ""mfcc"", ""crop"": ""energy"", ""seconds"": 1.5, ""n_mfcc"": 13}, ""cmvn"": true, ""n_states"": 3, ""n_mix"": 4, ""temperature"": 0.3220593069609747, ""median_frames"": 151.0}"
A2-R0-08,2026-09-29 23:15,M1,A2,R0,notebooks/02_baselines.ipynb,42,5 states x 1 Gaussians per state,grid over HMM capacity on the chosen preprocessing,0.7383,1.0566,0.7302,,,,2.4442,cpu,"{""features"": {""feature"": ""mfcc"", ""crop"": ""energy"", ""seconds"": 1.5, ""n_mfcc"": 13}, ""cmvn"": true, ""n_states"": 5, ""n_mix"": 1, ""temperature"": 0.3630892255079771, ""median_frames"": 151.0}"
A2-R0-09,2026-09-29 23:18,M1,A2,R0,notebooks/02_baselines.ipynb,42,5 states x 4 Gaussians per state,grid over HMM capacity on the chosen preprocessing,0.9431,0.2723,0.9429,,,,3.4913,cpu,"{""features"": {""feature"": ""mfcc"", ""crop"": ""energy"", ""seconds"": 1.5, ""n_mfcc"": 13}, ""cmvn"": true, ""n_states"": 5, ""n_mix"": 4, ""temperature"": 0.37721739149527256, ""median_frames"": 151.0}"
A2-R0-10,2026-09-29 23:20,M1,A2,R0,notebooks/02_baselines.ipynb,42,8 states x 1 Gaussians per state,grid over HMM capacity on the chosen preprocessing,0.9002,0.3726,0.9,,,,1.7488,cpu,"{""features"": {""feature"": ""mfcc"", ""crop"": ""energy"", ""seconds"": 1.5, ""n_mfcc"": 13}, ""cmvn"": true, ""n_states"": 8, ""n_mix"": 1, ""temperature"": 0.30295989087888164, ""median_frames"": 151.0}"
A2-R0-11,2026-09-29 23:23,M1,A2,R0,notebooks/02_baselines.ipynb,42,8 states x 2 Gaussians per state,grid over HMM capacity on the chosen preprocessing,0.9353,0.3036,0.9349,,,,2.9866,cpu,"{""features"": {""feature"": ""mfcc"", ""crop"": ""energy"", ""seconds"": 1.5, ""n_mfcc"": 13}, ""cmvn"": true, ""n_states"": 8, ""n_mix"": 2, ""temperature"": 0.37502639883853583, ""median_frames"": 151.0}"
A2-R0-12,2026-09-29 23:29,M1,A2,R0,notebooks/02_baselines.ipynb,42,8 states x 4 Gaussians per state,grid over HMM capacity on the chosen preprocessing,0.951,0.22,0.9508,,,,5.8231,cpu,"{""features"": {""feature"": ""mfcc"", ""crop"": ""energy"", ""seconds"": 1.5, ""n_mfcc"": 13}, ""cmvn"": true, ""n_states"": 8, ""n_mix"": 4, ""temperature"": 0.3537010650024456, ""median_frames"": 151.0}"
